timestamp,Open,High,Low,Close,Volume
2026-08-18 04:00:00+00:00,4447.39990234375,4448.2001953125,4445.89990234375,4446.2001953125,229
2026-08-18 04:05:00+00:00,4446.39990234375,4447.89990234375,4445.39990234375,4446.7998046875,240
2026-08-18 04:10:00+00:00,4446.89990234375,4448.60009765625,4446.60009765625,4447.89990234375,213
2026-08-18 04:15:00+00:00,4447.89990234375,4449.2001953125,4446.5,4446.7998046875,259
2026-08-18 04:20:00+00:00,4447.10009765625,4448.2001953125,4446.39990234375,4448.2001953125,116
2026-08-18 04:25:00+00:00,4448.2001953125,4448.60009765625,4447.2001953125,4448.10009765625,97
2026-08-18 04:30:00+00:00,4448.2001953125,4450.2998046875,4447.0,4448.0,265
2026-08-18 04:35:00+00:00,4447.60009765625,4448.7001953125,4444.0,4446.7001953125,597
2026-08-18 04:40:00+00:00,4446.89990234375,4449.7998046875,4445.7998046875,4448.7001953125,183
2026-08-18 04:45:00+00:00,4448.7998046875,4450.39990234375,4447.7001953125,4450.10009765625,135
2026-08-18 04:50:00+00:00,4449.89990234375,4450.7998046875,4448.7998046875,4450.7998046875,194
2026-08-18 04:55:00+00:00,4450.7998046875,4450.89990234375,4448.39990234375,4448.89990234375,141
2026-08-18 05:00:00+00:00,4448.7001953125,4449.0,4446.5,4446.89990234375,228
2026-08-18 05:05:00+00:00,4447.0,4449.7998046875,4447.0,4449.0,102
2026-08-18 05:10:00+00:00,4449.2998046875,4449.2998046875,4446.39990234375,4446.60009765625,99
2026-08-18 05:15:00+00:00,4446.7998046875,4450.10009765625,4446.5,4450.0,94
2026-08-18 05:20:00+00:00,4450.10009765625,4451.60009765625,4449.7998046875,4451.10009765625,244
2026-08-18 05:25:00+00:00,4450.89990234375,4451.60009765625,4446.60009765625,4446.60009765625,139
2026-08-18 05:30:00+00:00,4446.39990234375,4447.0,4441.39990234375,4443.10009765625,963
2026-08-18 05:35:00+00:00,4442.60009765625,4446.7998046875,4442.2998046875,4445.7998046875,244
2026-08-18 05:40:00+00:00,4446.10009765625,4450.2001953125,4444.2998046875,4449.2998046875,220
2026-08-18 05:45:00+00:00,4449.5,4451.39990234375,4448.7998046875,4451.2001953125,227
2026-08-18 05:50:00+00:00,4451.5,4453.2001953125,4449.5,4451.39990234375,354
2026-08-18 05:55:00+00:00,4451.5,4452.5,4449.39990234375,4450.2001953125,181
2026-08-18 06:00:00+00:00,4449.39990234375,4449.7998046875,4444.2998046875,4446.10009765625,813
2026-08-18 06:05:00+00:00,4445.89990234375,4449.39990234375,4443.2001953125,4448.60009765625,443
2026-08-18 06:10:00+00:00,4448.5,4451.10009765625,4447.7998046875,4450.89990234375,275
2026-08-18 06:15:00+00:00,4450.7998046875,4451.89990234375,4449.39990234375,4450.7998046875,153
2026-08-18 06:20:00+00:00,4450.7998046875,4453.39990234375,4449.7998046875,4453.10009765625,385
2026-08-18 06:25:00+00:00,4453.2998046875,4455.10009765625,4452.2001953125,4454.89990234375,368
2026-08-18 06:30:00+00:00,4454.7001953125,4455.60009765625,4450.7998046875,4450.7998046875,252
2026-08-18 06:35:00+00:00,4450.7001953125,4453.0,4450.5,4452.39990234375,255
2026-08-18 06:40:00+00:00,4452.39990234375,4454.2001953125,4452.10009765625,4452.5,218
2026-08-18 06:45:00+00:00,4452.60009765625,4454.7001953125,4452.60009765625,4453.10009765625,232
2026-08-18 06:50:00+00:00,4453.2998046875,4454.39990234375,4453.0,4453.60009765625,166
2026-08-18 06:55:00+00:00,4453.7998046875,4454.5,4452.7998046875,4454.10009765625,221
2026-08-18 07:00:00+00:00,4454.2998046875,4456.10009765625,4452.39990234375,4455.0,311
2026-08-18 07:05:00+00:00,4455.5,4456.39990234375,4452.7001953125,4453.2001953125,369
2026-08-18 07:10:00+00:00,4453.10009765625,4454.89990234375,4452.5,4453.2001953125,315
2026-08-18 07:15:00+00:00,4453.2001953125,4456.39990234375,4453.2001953125,4455.10009765625,174
2026-08-18 07:20:00+00:00,4455.5,4457.39990234375,4455.2998046875,4457.0,212
2026-08-18 07:25:00+00:00,4456.89990234375,4459.39990234375,4456.60009765625,4459.0,509
2026-08-18 07:30:00+00:00,4459.10009765625,4459.5,4452.2998046875,4453.0,503
2026-08-18 07:35:00+00:00,4453.0,4458.5,4452.39990234375,4458.0,326
2026-08-18 07:40:00+00:00,4457.7998046875,4459.2001953125,4456.10009765625,4457.39990234375,224
2026-08-18 07:45:00+00:00,4457.60009765625,4458.5,4455.39990234375,4456.0,143
2026-08-18 07:50:00+00:00,4455.39990234375,4456.39990234375,4453.89990234375,4454.2001953125,147
2026-08-18 07:55:00+00:00,4454.10009765625,4454.39990234375,4451.2001953125,4451.2001953125,180
2026-08-18 08:00:00+00:00,4451.60009765625,4451.89990234375,4450.0,4450.0,401
2026-08-18 08:05:00+00:00,4450.2001953125,4450.2001953125,4445.39990234375,4446.2998046875,792
2026-08-18 08:10:00+00:00,4446.2001953125,4450.39990234375,4443.5,4448.2001953125,495
2026-08-18 08:15:00+00:00,4448.39990234375,4449.2001953125,4447.39990234375,4447.60009765625,205
2026-08-18 08:20:00+00:00,4447.5,4448.10009765625,4442.39990234375,4444.0,426
2026-08-18 08:25:00+00:00,4444.0,4445.0,4442.89990234375,4444.89990234375,217
2026-08-18 08:30:00+00:00,4444.89990234375,4449.60009765625,4444.89990234375,4448.7998046875,266
2026-08-18 08:35:00+00:00,4449.2001953125,4454.2001953125,4449.2001953125,4453.60009765625,460
2026-08-18 08:40:00+00:00,4453.60009765625,4454.2001953125,4452.2001953125,4452.5,129
2026-08-18 08:45:00+00:00,4452.2001953125,4452.2998046875,4447.2001953125,4448.89990234375,246
2026-08-18 08:50:00+00:00,4448.60009765625,4449.2998046875,4447.10009765625,4449.2998046875,201
2026-08-18 08:55:00+00:00,4449.39990234375,4450.2001953125,4448.10009765625,4448.89990234375,212
2026-08-18 09:00:00+00:00,4448.7998046875,4449.39990234375,4447.60009765625,4448.0,171
2026-08-18 09:05:00+00:00,4448.0,4448.7001953125,4446.60009765625,4447.5,147
2026-08-18 09:10:00+00:00,4447.5,4449.0,4447.10009765625,4448.39990234375,135
2026-08-18 09:15:00+00:00,4448.10009765625,4448.10009765625,4446.60009765625,4446.89990234375,61
2026-08-18 09:20:00+00:00,4446.60009765625,4447.10009765625,4444.60009765625,4445.7998046875,222
2026-08-18 09:25:00+00:00,4445.5,4447.10009765625,4444.2001953125,4444.89990234375,317
2026-08-18 09:30:00+00:00,4444.7998046875,4449.60009765625,4444.7001953125,4449.60009765625,589
2026-08-18 09:35:00+00:00,4449.7998046875,4451.10009765625,4446.60009765625,4447.5,258
2026-08-18 09:40:00+00:00,4447.5,4447.89990234375,4443.2001953125,4444.5,300
2026-08-18 09:45:00+00:00,4444.5,4448.60009765625,4443.0,4448.60009765625,236
2026-08-18 09:50:00+00:00,4448.39990234375,4450.60009765625,4448.39990234375,4450.0,324
2026-08-18 09:55:00+00:00,4450.2001953125,4451.2998046875,4449.10009765625,4449.7001953125,158
2026-08-18 10:00:00+00:00,4449.7001953125,4452.0,4448.60009765625,4450.10009765625,207
2026-08-18 10:05:00+00:00,4450.39990234375,4450.89990234375,4448.7998046875,4449.5,122
2026-08-18 10:10:00+00:00,4449.60009765625,4451.0,4449.0,4450.7001953125,87
2026-08-18 10:15:00+00:00,4450.89990234375,4452.5,4450.2001953125,4451.7998046875,114
2026-08-18 10:20:00+00:00,4451.2998046875,4451.5,4447.7001953125,4447.7001953125,169
2026-08-18 10:25:00+00:00,4448.2998046875,4448.5,4446.10009765625,4448.2998046875,271
2026-08-18 10:30:00+00:00,4448.7001953125,4450.60009765625,4448.10009765625,4450.2001953125,168
2026-08-18 10:35:00+00:00,4450.10009765625,4454.10009765625,4450.10009765625,4453.89990234375,213
2026-08-18 10:40:00+00:00,4454.10009765625,4455.2001953125,4453.5,4455.0,271
2026-08-18 10:45:00+00:00,4455.2998046875,4456.2001953125,4454.7001953125,4455.2998046875,228
2026-08-18 10:50:00+00:00,4455.60009765625,4456.0,4452.89990234375,4453.39990234375,203
2026-08-18 10:55:00+00:00,4453.7001953125,4454.39990234375,4453.2998046875,4454.39990234375,85
2026-08-18 11:00:00+00:00,4454.2001953125,4455.7998046875,4450.0,4450.5,277
2026-08-18 11:05:00+00:00,4450.5,4451.10009765625,4448.89990234375,4450.0,252
2026-08-18 11:10:00+00:00,4450.10009765625,4450.5,4448.2998046875,4450.2001953125,76
2026-08-18 11:15:00+00:00,4449.7001953125,4451.10009765625,4448.5,4449.39990234375,163
2026-08-18 11:20:00+00:00,4449.39990234375,4450.10009765625,4446.39990234375,4446.60009765625,203
2026-08-18 11:25:00+00:00,4446.5,4448.10009765625,4445.7998046875,4446.2998046875,234
2026-08-18 11:30:00+00:00,4446.2998046875,4448.10009765625,4445.60009765625,4445.60009765625,232
2026-08-18 11:35:00+00:00,4445.7998046875,4447.60009765625,4444.7998046875,4446.7998046875,283
2026-08-18 11:40:00+00:00,4446.5,4448.7998046875,4446.0,4447.2001953125,188
2026-08-18 11:45:00+00:00,4447.0,4450.2001953125,4447.0,4448.5,173
2026-08-18 11:50:00+00:00,4448.7001953125,4449.2001953125,4446.39990234375,4447.10009765625,100
2026-08-18 11:55:00+00:00,4447.2001953125,4453.2998046875,4446.89990234375,4452.2998046875,460
2026-08-18 12:00:00+00:00,4452.60009765625,4453.2998046875,4448.0,4453.10009765625,320
2026-08-18 12:05:00+00:00,4453.0,4453.39990234375,4446.60009765625,4448.0,563
2026-08-18 12:10:00+00:00,4447.7001953125,4449.7998046875,4445.7998046875,4449.7001953125,291
2026-08-18 12:15:00+00:00,4449.2001953125,4450.2001953125,4447.7998046875,4448.7001953125,246
2026-08-18 12:20:00+00:00,4449.2001953125,4457.2998046875,4448.89990234375,4451.89990234375,1230
2026-08-18 12:25:00+00:00,4452.10009765625,4452.5,4448.2001953125,4451.89990234375,749
2026-08-18 12:30:00+00:00,4452.0,4454.7998046875,4449.0,4453.5,373
2026-08-18 12:35:00+00:00,4453.10009765625,4454.39990234375,4449.2001953125,4450.60009765625,438
2026-08-18 12:40:00+00:00,4450.39990234375,4450.7998046875,4447.39990234375,4448.7998046875,372
2026-08-18 12:45:00+00:00,4448.7001953125,4453.10009765625,4448.7001953125,4452.5,411
2026-08-18 12:50:00+00:00,4453.2001953125,4453.60009765625,4448.7998046875,4449.7001953125,450
2026-08-18 12:55:00+00:00,4449.7001953125,4452.2001953125,4447.10009765625,4450.7001953125,590
2026-08-18 13:00:00+00:00,4450.5,4453.7001953125,4446.5,4452.0,799
2026-08-18 13:05:00+00:00,4451.89990234375,4452.89990234375,4445.0,4445.5,787
2026-08-18 13:10:00+00:00,4445.0,4452.2001953125,4444.39990234375,4452.0,1222
2026-08-18 13:15:00+00:00,4451.7998046875,4452.39990234375,4444.5,4447.10009765625,1181
2026-08-18 13:20:00+00:00,4447.5,4449.7001953125,4444.2001953125,4445.7001953125,873
2026-08-18 13:25:00+00:00,4445.89990234375,4448.7001953125,4444.2001953125,4445.39990234375,624
2026-08-18 13:30:00+00:00,4445.5,4454.60009765625,4430.89990234375,4452.5,4268
2026-08-18 13:35:00+00:00,4452.5,4459.39990234375,4451.10009765625,4458.7001953125,1759
2026-08-18 13:40:00+00:00,4458.7998046875,4463.0,4455.60009765625,4457.0,1913
2026-08-18 13:45:00+00:00,4457.2001953125,4458.2998046875,4447.2998046875,4451.7001953125,1730
2026-08-18 13:50:00+00:00,4451.0,4454.2001953125,4445.5,4446.7998046875,930
2026-08-18 13:55:00+00:00,4447.0,4451.0,4445.7998046875,4451.0,558
2026-08-18 14:00:00+00:00,4450.5,4462.7998046875,4449.60009765625,4460.39990234375,2761
2026-08-18 14:05:00+00:00,4460.2998046875,4461.0,4454.2001953125,4454.60009765625,855
2026-08-18 14:10:00+00:00,4454.7001953125,4455.39990234375,4447.39990234375,4449.60009765625,1003
2026-08-18 14:15:00+00:00,4449.5,4461.39990234375,4449.39990234375,4458.10009765625,1116
2026-08-18 14:20:00+00:00,4457.89990234375,4459.2998046875,4452.10009765625,4454.10009765625,589
2026-08-18 14:25:00+00:00,4454.2998046875,4455.5,4448.7001953125,4450.60009765625,637
2026-08-18 14:30:00+00:00,4450.7001953125,4452.5,4441.2001953125,4446.0,2673
2026-08-18 14:35:00+00:00,4445.89990234375,4446.2001953125,4438.5,4438.7001953125,1105
2026-08-18 14:40:00+00:00,4439.10009765625,4441.2998046875,4434.0,4436.0,1911
2026-08-18 14:45:00+00:00,4435.7001953125,4444.7001953125,4434.39990234375,4443.2001953125,915
2026-08-18 14:50:00+00:00,4443.39990234375,4445.39990234375,4427.7998046875,4435.39990234375,2243
2026-08-18 14:55:00+00:00,4435.0,4439.0,4419.10009765625,4422.2998046875,3212
2026-08-18 15:00:00+00:00,4422.60009765625,4432.7001953125,4421.60009765625,4431.5,2306
2026-08-18 15:05:00+00:00,4431.89990234375,4434.10009765625,4421.0,4421.60009765625,1163
2026-08-18 15:10:00+00:00,4421.89990234375,4424.0,4412.0,4415.60009765625,2308
2026-08-18 15:15:00+00:00,4415.39990234375,4420.7001953125,4410.39990234375,4410.60009765625,1620
2026-08-18 15:20:00+00:00,4410.60009765625,4412.39990234375,4406.7998046875,4409.5,2546
2026-08-18 15:25:00+00:00,4409.60009765625,4416.2998046875,4408.10009765625,4410.60009765625,1266
2026-08-18 15:30:00+00:00,4410.2001953125,4417.7998046875,4409.7998046875,4415.2001953125,1779
2026-08-18 15:35:00+00:00,4415.39990234375,4418.0,4412.10009765625,4417.0,693
2026-08-18 15:40:00+00:00,4416.7001953125,4417.39990234375,4411.89990234375,4414.5,849
2026-08-18 15:45:00+00:00,4413.7998046875,4420.2001953125,4413.7998046875,4419.2998046875,1212
2026-08-18 15:50:00+00:00,4419.39990234375,4421.89990234375,4416.5,4419.89990234375,599
2026-08-18 15:55:00+00:00,4420.0,4421.0,4418.39990234375,4420.2001953125,306
2026-08-18 16:00:00+00:00,4420.2998046875,4424.60009765625,4420.2998046875,4423.2998046875,480
2026-08-18 16:05:00+00:00,4423.2998046875,4426.89990234375,4422.0,4426.60009765625,757
2026-08-18 16:10:00+00:00,4426.7998046875,4427.0,4423.0,4423.10009765625,411
2026-08-18 16:15:00+00:00,4423.2001953125,4423.7001953125,4420.0,4422.5,418
2026-08-18 16:20:00+00:00,4422.7998046875,4425.10009765625,4421.89990234375,4423.60009765625,340
2026-08-18 16:25:00+00:00,4423.60009765625,4424.39990234375,4418.7001953125,4419.39990234375,293
2026-08-18 16:30:00+00:00,4419.7001953125,4422.10009765625,4418.60009765625,4421.0,568
2026-08-18 16:35:00+00:00,4421.2998046875,4422.60009765625,4418.2998046875,4420.39990234375,268
2026-08-18 16:40:00+00:00,4420.39990234375,4423.7998046875,4420.39990234375,4422.7001953125,203
2026-08-18 16:45:00+00:00,4422.7001953125,4422.89990234375,4418.2998046875,4418.7998046875,347
2026-08-18 16:50:00+00:00,4418.89990234375,4424.10009765625,4417.7998046875,4423.7998046875,402
2026-08-18 16:55:00+00:00,4423.5,4423.5,4418.5,4419.0,373
2026-08-18 17:00:00+00:00,4419.10009765625,4420.89990234375,4418.39990234375,4419.89990234375,378
2026-08-18 17:05:00+00:00,4419.7001953125,4421.5,4419.60009765625,4420.89990234375,432
2026-08-18 17:10:00+00:00,4421.2001953125,4422.60009765625,4420.0,4422.39990234375,217
2026-08-18 17:15:00+00:00,4422.60009765625,4423.7001953125,4418.7001953125,4419.7001953125,366
2026-08-18 17:20:00+00:00,4420.0,4423.0,4420.0,4422.89990234375,189
2026-08-18 17:25:00+00:00,4423.10009765625,4423.7998046875,4419.2001953125,4420.7998046875,887
2026-08-18 17:30:00+00:00,4421.0,4421.7998046875,4416.7998046875,4420.10009765625,509
2026-08-18 17:35:00+00:00,4420.0,4420.7001953125,4416.5,4418.2998046875,283
2026-08-18 17:40:00+00:00,4418.39990234375,4420.7001953125,4414.39990234375,4414.39990234375,389
2026-08-18 17:45:00+00:00,4414.2998046875,4416.10009765625,4412.7001953125,4413.7998046875,537
2026-08-18 17:50:00+00:00,4413.5,4415.5,4413.5,4414.2998046875,129
2026-08-18 17:55:00+00:00,4414.5,4414.7998046875,4412.39990234375,4413.2001953125,411
2026-08-18 18:00:00+00:00,4413.60009765625,4413.60009765625,4408.10009765625,4408.89990234375,1023
2026-08-18 18:05:00+00:00,4409.10009765625,4411.10009765625,4408.2998046875,4411.0,475
2026-08-18 18:10:00+00:00,4411.2998046875,4413.5,4408.0,4412.89990234375,233
2026-08-18 18:15:00+00:00,4413.2998046875,4414.39990234375,4411.7998046875,4414.2001953125,129
2026-08-18 18:20:00+00:00,4414.2001953125,4414.89990234375,4410.7998046875,4412.10009765625,312
2026-08-18 18:25:00+00:00,4412.0,4416.5,4411.5,4415.39990234375,239
2026-08-18 18:30:00+00:00,4415.60009765625,4415.7998046875,4413.0,4414.39990234375,169
2026-08-18 18:35:00+00:00,4415.0,4415.60009765625,4413.5,4415.0,171
2026-08-18 18:40:00+00:00,4414.7998046875,4414.7998046875,4408.7998046875,4409.39990234375,688
2026-08-18 18:45:00+00:00,4409.5,4410.7001953125,4407.89990234375,4409.0,174
2026-08-18 18:50:00+00:00,4409.2998046875,4410.2998046875,4409.2998046875,4409.7001953125,101
2026-08-18 18:55:00+00:00,4409.60009765625,4411.2001953125,4409.0,4409.39990234375,198
2026-08-18 19:00:00+00:00,4409.5,4413.10009765625,4409.2001953125,4410.39990234375,252
2026-08-18 19:05:00+00:00,4410.5,4412.0,4410.0,4410.2998046875,140
2026-08-18 19:10:00+00:00,4410.2001953125,4413.5,4409.7001953125,4412.39990234375,212
2026-08-18 19:15:00+00:00,4412.2998046875,4413.7001953125,4409.10009765625,4409.7998046875,463
2026-08-18 19:20:00+00:00,4409.5,4411.2998046875,4407.7001953125,4408.2998046875,365
2026-08-18 19:25:00+00:00,4408.10009765625,4410.7998046875,4407.5,4409.5,321
2026-08-18 19:30:00+00:00,4409.7998046875,4411.5,4408.2001953125,4408.60009765625,230
2026-08-18 19:35:00+00:00,4408.7998046875,4410.10009765625,4408.0,4409.39990234375,190
2026-08-18 19:40:00+00:00,4409.5,4412.39990234375,4404.2001953125,4404.39990234375,616
2026-08-18 19:45:00+00:00,4404.2998046875,4408.2001953125,4398.60009765625,4400.7998046875,1298
2026-08-18 19:50:00+00:00,4400.7998046875,4401.7998046875,4396.5,4400.2998046875,1075
2026-08-18 19:55:00+00:00,4400.39990234375,4401.10009765625,4392.2998046875,4400.0,1922
2026-08-18 20:00:00+00:00,4400.10009765625,4401.2001953125,4397.2001953125,4398.2998046875,450
2026-08-18 20:05:00+00:00,4398.2998046875,4398.89990234375,4397.10009765625,4397.39990234375,84
2026-08-18 20:10:00+00:00,4397.7998046875,4398.2998046875,4395.39990234375,4396.5,227
2026-08-18 20:15:00+00:00,4397.10009765625,4397.10009765625,4394.5,4396.60009765625,97
2026-08-18 20:20:00+00:00,4396.5,4396.5,4388.0,4393.0,606
2026-08-18 20:25:00+00:00,4393.10009765625,4393.5,4391.60009765625,4392.7998046875,82
2026-08-18 20:30:00+00:00,4392.7998046875,4394.60009765625,4391.7001953125,4394.39990234375,103
2026-08-18 20:35:00+00:00,4394.2998046875,4394.39990234375,4392.2998046875,4393.2998046875,75
2026-08-18 20:40:00+00:00,4392.89990234375,4393.5,4386.60009765625,4387.60009765625,414
2026-08-18 20:45:00+00:00,4387.0,4388.60009765625,4383.2998046875,4387.60009765625,477
2026-08-18 20:50:00+00:00,4388.2001953125,4389.39990234375,4385.10009765625,4389.39990234375,216
2026-08-18 20:55:00+00:00,4389.60009765625,4390.2998046875,4387.7001953125,4389.5,288
2026-08-18 22:00:00+00:00,4391.39990234375,4394.60009765625,4390.39990234375,4394.10009765625,0
2026-08-18 22:05:00+00:00,4394.10009765625,4395.2998046875,4393.10009765625,4394.60009765625,207
2026-08-18 22:10:00+00:00,4394.5,4395.2998046875,4393.10009765625,4393.7998046875,182
2026-08-18 22:15:00+00:00,4393.2001953125,4394.2998046875,4391.39990234375,4391.39990234375,323
2026-08-18 22:20:00+00:00,4391.39990234375,4391.89990234375,4386.5,4388.2001953125,615
2026-08-18 22:25:00+00:00,4388.10009765625,4391.60009765625,4387.60009765625,4389.39990234375,477
2026-08-18 22:30:00+00:00,4389.2998046875,4389.7998046875,4388.39990234375,4388.89990234375,167
2026-08-18 22:35:00+00:00,4389.10009765625,4389.7998046875,4386.2001953125,4386.7001953125,344
2026-08-18 22:40:00+00:00,4387.0,4387.7998046875,4385.7998046875,4386.60009765625,165
2026-08-18 22:45:00+00:00,4386.60009765625,4387.7998046875,4386.2001953125,4387.7998046875,96
2026-08-18 22:50:00+00:00,4387.7001953125,4388.7001953125,4386.7998046875,4387.7001953125,127
2026-08-18 22:55:00+00:00,4387.7001953125,4388.5,4386.2998046875,4386.7998046875,118
2026-08-18 23:00:00+00:00,4387.2001953125,4389.5,4385.89990234375,4389.0,181
2026-08-18 23:05:00+00:00,4389.10009765625,4391.5,4387.5,4388.0,251
2026-08-18 23:10:00+00:00,4387.89990234375,4388.2001953125,4385.39990234375,4387.10009765625,132
2026-08-18 23:15:00+00:00,4386.7998046875,4387.7998046875,4385.0,4385.2998046875,180
2026-08-18 23:20:00+00:00,4385.5,4390.2998046875,4383.60009765625,4385.7001953125,379
2026-08-18 23:25:00+00:00,4386.10009765625,4386.5,4382.5,4383.10009765625,515
2026-08-18 23:30:00+00:00,4382.89990234375,4385.39990234375,4379.60009765625,4383.5,747
2026-08-18 23:35:00+00:00,4383.2001953125,4384.60009765625,4379.7998046875,4381.5,226
2026-08-18 23:40:00+00:00,4381.39990234375,4383.2998046875,4380.7001953125,4382.5,160
2026-08-18 23:45:00+00:00,4383.0,4384.7998046875,4382.2998046875,4383.2998046875,185
2026-08-18 23:50:00+00:00,4383.7001953125,4387.0,4382.7001953125,4386.7001953125,263
2026-08-18 23:55:00+00:00,4386.2998046875,4386.89990234375,4384.39990234375,4386.0,135
2026-08-19 00:00:00+00:00,4386.10009765625,4393.2001953125,4384.60009765625,4389.7001953125,586
2026-08-19 00:05:00+00:00,4389.39990234375,4394.0,4389.10009765625,4392.7998046875,220
2026-08-19 00:10:00+00:00,4392.7001953125,4397.7001953125,4390.89990234375,4395.7998046875,561
2026-08-19 00:15:00+00:00,4395.89990234375,4399.39990234375,4395.5,4396.2998046875,313
2026-08-19 00:20:00+00:00,4396.7001953125,4399.10009765625,4394.5,4396.39990234375,518
2026-08-19 00:25:00+00:00,4396.2001953125,4397.0,4392.5,4396.2998046875,472
2026-08-19 00:30:00+00:00,4396.39990234375,4399.0,4392.89990234375,4394.10009765625,413
2026-08-19 00:35:00+00:00,4394.39990234375,4400.2998046875,4394.2001953125,4398.2998046875,459
2026-08-19 00:40:00+00:00,4398.2001953125,4401.0,4396.7001953125,4397.39990234375,315
2026-08-19 00:45:00+00:00,4397.60009765625,4398.2001953125,4396.0,4396.5,145
2026-08-19 00:50:00+00:00,4396.2001953125,4398.60009765625,4394.7001953125,4395.0,207
2026-08-19 00:55:00+00:00,4394.7998046875,4396.0,4390.7001953125,4391.7998046875,565
2026-08-19 01:00:00+00:00,4391.5,4393.60009765625,4378.0,4386.0,2026
2026-08-19 01:05:00+00:00,4385.89990234375,4396.39990234375,4385.10009765625,4393.89990234375,1198
2026-08-19 01:10:00+00:00,4393.89990234375,4397.60009765625,4390.7998046875,4397.39990234375,373
2026-08-19 01:15:00+00:00,4397.60009765625,4400.0,4388.10009765625,4391.39990234375,967
2026-08-19 01:20:00+00:00,4391.5,4393.7001953125,4386.39990234375,4391.0,517
2026-08-19 01:25:00+00:00,4391.2001953125,4396.2998046875,4388.89990234375,4396.10009765625,641
2026-08-19 01:30:00+00:00,4396.2998046875,4404.7001953125,4396.2001953125,4404.10009765625,670
2026-08-19 01:35:00+00:00,4404.39990234375,4410.0,4403.7001953125,4408.89990234375,788
2026-08-19 01:40:00+00:00,4409.10009765625,4411.10009765625,4407.7001953125,4409.39990234375,488
2026-08-19 01:45:00+00:00,4409.0,4410.2001953125,4404.39990234375,4404.60009765625,639
2026-08-19 01:50:00+00:00,4404.2998046875,4409.10009765625,4404.10009765625,4407.0,323
2026-08-19 01:55:00+00:00,4406.89990234375,4410.2001953125,4406.39990234375,4410.2001953125,256
2026-08-19 02:00:00+00:00,4410.0,4410.89990234375,4405.0,4408.2998046875,271
2026-08-19 02:05:00+00:00,4407.7998046875,4410.60009765625,4406.2998046875,4409.2998046875,390
2026-08-19 02:10:00+00:00,4409.5,4409.60009765625,4405.89990234375,4407.0,622
2026-08-19 02:15:00+00:00,4407.2001953125,4414.7998046875,4406.0,4412.39990234375,876
2026-08-19 02:20:00+00:00,4412.2001953125,4415.7998046875,4411.5,4413.60009765625,540
2026-08-19 02:25:00+00:00,4413.7001953125,4414.7998046875,4412.5,4413.39990234375,236
2026-08-19 02:30:00+00:00,4413.39990234375,4413.89990234375,4409.0,4410.0,713
2026-08-19 02:35:00+00:00,4410.2001953125,4411.7001953125,4407.7001953125,4408.7998046875,391
2026-08-19 02:40:00+00:00,4408.7001953125,4411.7998046875,4408.2001953125,4408.60009765625,208
2026-08-19 02:45:00+00:00,4408.7998046875,4410.39990234375,4407.39990234375,4409.5,194
2026-08-19 02:50:00+00:00,4408.89990234375,4410.0,4406.5,4407.5,237
2026-08-19 02:55:00+00:00,4407.60009765625,4408.5,4405.0,4408.5,318
2026-08-19 03:00:00+00:00,4408.39990234375,4409.89990234375,4406.39990234375,4409.10009765625,209
2026-08-19 03:05:00+00:00,4408.89990234375,4409.0,4405.39990234375,4407.10009765625,211
2026-08-19 03:10:00+00:00,4407.2998046875,4408.89990234375,4407.10009765625,4407.7001953125,207
2026-08-19 03:15:00+00:00,4408.10009765625,4409.7998046875,4405.2998046875,4406.2998046875,244
2026-08-19 03:20:00+00:00,4406.2998046875,4409.39990234375,4405.2998046875,4409.2998046875,168
2026-08-19 03:25:00+00:00,4409.89990234375,4411.7998046875,4409.60009765625,4410.7998046875,201
2026-08-19 03:30:00+00:00,4411.10009765625,4412.0,4409.7998046875,4410.7998046875,153
2026-08-19 03:35:00+00:00,4410.7001953125,4414.10009765625,4410.7001953125,4412.0,213
2026-08-19 03:40:00+00:00,4411.89990234375,4412.89990234375,4410.89990234375,4412.60009765625,117
2026-08-19 03:45:00+00:00,4412.60009765625,4413.0,4410.2001953125,4411.60009765625,101
2026-08-19 03:50:00+00:00,4412.2998046875,4412.2998046875,4409.5,4409.7998046875,92
2026-08-19 03:55:00+00:00,4409.7998046875,4410.2001953125,4409.0,4409.0,26
2026-08-19 04:00:00+00:00,4408.89990234375,4409.60009765625,4407.2001953125,4407.60009765625,188
2026-08-19 04:05:00+00:00,4407.5,4408.39990234375,4406.89990234375,4408.10009765625,62
2026-08-19 04:10:00+00:00,4408.2001953125,4408.60009765625,4407.2001953125,4407.89990234375,58
2026-08-19 04:15:00+00:00,4407.89990234375,4408.0,4403.2001953125,4405.89990234375,527
2026-08-19 04:20:00+00:00,4405.7998046875,4406.10009765625,4404.0,4405.0,191
2026-08-19 04:25:00+00:00,4404.7001953125,4404.7001953125,4403.5,4404.2001953125,89
2026-08-19 04:30:00+00:00,4404.7998046875,4405.2998046875,4402.2998046875,4403.0,173
2026-08-19 04:35:00+00:00,4403.2001953125,4404.0,4399.39990234375,4399.89990234375,461
2026-08-19 04:40:00+00:00,4399.7998046875,4400.7001953125,4398.2001953125,4399.7998046875,256
2026-08-19 04:45:00+00:00,4399.39990234375,4400.2001953125,4399.0,4400.0,115
2026-08-19 04:50:00+00:00,4399.89990234375,4399.89990234375,4396.5,4398.0,312
2026-08-19 04:55:00+00:00,4398.2001953125,4401.7998046875,4397.7998046875,4401.7998046875,290
2026-08-19 05:00:00+00:00,4401.7001953125,4404.2001953125,4399.89990234375,4401.0,243
2026-08-19 05:05:00+00:00,4400.7998046875,4401.5,4395.5,4396.0,258
2026-08-19 05:10:00+00:00,4395.89990234375,4395.89990234375,4391.89990234375,4392.2001953125,333
2026-08-19 05:15:00+00:00,4392.39990234375,4393.0,4390.10009765625,4391.2998046875,528
2026-08-19 05:20:00+00:00,4391.2998046875,4396.2998046875,4391.2998046875,4395.2001953125,340
2026-08-19 05:25:00+00:00,4395.2001953125,4399.10009765625,4394.2001953125,4398.89990234375,211
2026-08-19 05:30:00+00:00,4399.10009765625,4399.2998046875,4390.39990234375,4391.7998046875,933
2026-08-19 05:35:00+00:00,4391.7001953125,4396.39990234375,4390.2998046875,4396.39990234375,376
2026-08-19 05:40:00+00:00,4396.10009765625,4396.89990234375,4393.2001953125,4395.7998046875,294
2026-08-19 05:45:00+00:00,4395.2998046875,4395.39990234375,4388.5,4390.39990234375,591
2026-08-19 05:50:00+00:00,4390.60009765625,4391.5,4388.2001953125,4388.89990234375,622
2026-08-19 05:55:00+00:00,4388.7998046875,4392.0,4388.2998046875,4389.0,205
2026-08-19 06:00:00+00:00,4389.0,4394.7001953125,4388.7001953125,4390.89990234375,666
2026-08-19 06:05:00+00:00,4391.39990234375,4393.2001953125,4388.7998046875,4392.2998046875,321
2026-08-19 06:10:00+00:00,4392.5,4395.2998046875,4390.2001953125,4390.7998046875,237
2026-08-19 06:15:00+00:00,4390.60009765625,4399.60009765625,4390.2001953125,4398.7001953125,522
2026-08-19 06:20:00+00:00,4398.5,4401.89990234375,4398.0,4399.39990234375,643
2026-08-19 06:25:00+00:00,4399.60009765625,4400.39990234375,4394.2001953125,4396.2998046875,641
2026-08-19 06:30:00+00:00,4396.60009765625,4396.89990234375,4390.7998046875,4392.2998046875,720
2026-08-19 06:35:00+00:00,4392.39990234375,4399.2998046875,4392.39990234375,4397.5,424
2026-08-19 06:40:00+00:00,4397.39990234375,4397.7998046875,4395.2001953125,4395.39990234375,272
2026-08-19 06:45:00+00:00,4395.2998046875,4397.7001953125,4394.2998046875,4397.5,300
2026-08-19 06:50:00+00:00,4397.60009765625,4401.7001953125,4397.5,4401.60009765625,288
2026-08-19 06:55:00+00:00,4401.60009765625,4403.10009765625,4401.0,4402.7998046875,562
2026-08-19 07:00:00+00:00,4402.7998046875,4405.0,4401.10009765625,4401.7001953125,630
2026-08-19 07:05:00+00:00,4401.89990234375,4407.2998046875,4401.60009765625,4406.60009765625,416
2026-08-19 07:10:00+00:00,4406.60009765625,4407.60009765625,4403.5,4404.2998046875,232
2026-08-19 07:15:00+00:00,4403.7998046875,4405.2001953125,4401.10009765625,4404.2998046875,534
2026-08-19 07:20:00+00:00,4404.60009765625,4408.60009765625,4402.60009765625,4407.89990234375,553
2026-08-19 07:25:00+00:00,4407.89990234375,4410.7998046875,4407.7001953125,4410.5,475
2026-08-19 07:30:00+00:00,4410.39990234375,4414.60009765625,4410.10009765625,4413.5,608
2026-08-19 07:35:00+00:00,4413.10009765625,4417.2001953125,4410.7998046875,4411.7001953125,526
2026-08-19 07:40:00+00:00,4411.2998046875,4411.7001953125,4406.5,4408.2001953125,349
2026-08-19 07:45:00+00:00,4408.10009765625,4410.7998046875,4408.10009765625,4410.0,230
2026-08-19 07:50:00+00:00,4410.2998046875,4411.39990234375,4408.2998046875,4409.5,202
2026-08-19 07:55:00+00:00,4409.5,4410.10009765625,4408.2998046875,4408.2998046875,178
2026-08-19 08:00:00+00:00,4408.39990234375,4411.7001953125,4404.7998046875,4411.10009765625,612
2026-08-19 08:05:00+00:00,4410.7001953125,4415.10009765625,4409.7998046875,4414.7001953125,1029
2026-08-19 08:10:00+00:00,4414.7998046875,4416.39990234375,4413.7001953125,4415.2001953125,276
2026-08-19 08:15:00+00:00,4415.2998046875,4416.10009765625,4413.7001953125,4413.7001953125,192
2026-08-19 08:20:00+00:00,4413.5,4413.7001953125,4411.10009765625,4413.60009765625,282
2026-08-19 08:25:00+00:00,4413.7998046875,4414.60009765625,4411.89990234375,4414.60009765625,176
2026-08-19 08:30:00+00:00,4414.2998046875,4414.89990234375,4410.2998046875,4410.89990234375,179
2026-08-19 08:35:00+00:00,4410.89990234375,4414.89990234375,4410.7001953125,4413.7001953125,259
2026-08-19 08:40:00+00:00,4414.0,4417.2001953125,4413.2998046875,4416.39990234375,249
2026-08-19 08:45:00+00:00,4416.39990234375,4417.2001953125,4414.5,4415.7001953125,234
2026-08-19 08:50:00+00:00,4415.7998046875,4415.7998046875,4412.2001953125,4412.2001953125,411
2026-08-19 08:55:00+00:00,4412.2001953125,4412.2998046875,4408.7001953125,4409.7001953125,314
2026-08-19 09:00:00+00:00,4409.7001953125,4413.10009765625,4409.0,4413.0,195
2026-08-19 09:05:00+00:00,4413.0,4413.89990234375,4409.5,4410.10009765625,337
2026-08-19 09:10:00+00:00,4410.10009765625,4411.89990234375,4409.5,4410.2998046875,207
2026-08-19 09:15:00+00:00,4410.2001953125,4410.60009765625,4407.39990234375,4409.2998046875,367
2026-08-19 09:20:00+00:00,4409.10009765625,4411.2998046875,4407.5,4410.10009765625,276
2026-08-19 09:25:00+00:00,4410.2998046875,4411.60009765625,4408.0,4410.60009765625,166
2026-08-19 09:30:00+00:00,4410.7001953125,4412.0,4409.5,4411.10009765625,349
2026-08-19 09:35:00+00:00,4410.7998046875,4411.5,4410.39990234375,4411.10009765625,103
2026-08-19 09:40:00+00:00,4411.2998046875,4415.39990234375,4411.0,4413.2998046875,322
2026-08-19 09:45:00+00:00,4413.2998046875,4415.39990234375,4412.7001953125,4415.10009765625,159
2026-08-19 09:50:00+00:00,4415.2998046875,4415.2998046875,4412.5,4414.5,252
2026-08-19 09:55:00+00:00,4414.5,4416.39990234375,4413.39990234375,4416.39990234375,296
2026-08-19 10:00:00+00:00,4416.5,4417.7001953125,4413.89990234375,4414.7998046875,327
2026-08-19 10:05:00+00:00,4414.39990234375,4417.2001953125,4413.7998046875,4415.7998046875,169
2026-08-19 10:10:00+00:00,4415.7998046875,4418.7998046875,4415.5,4418.39990234375,413
2026-08-19 10:15:00+00:00,4418.39990234375,4423.2001953125,4418.10009765625,4422.7998046875,493
2026-08-19 10:20:00+00:00,4423.0,4423.7998046875,4421.2001953125,4423.10009765625,495
2026-08-19 10:25:00+00:00,4422.7998046875,4423.7998046875,4421.39990234375,4423.2001953125,220
2026-08-19 10:30:00+00:00,4423.39990234375,4424.10009765625,4420.39990234375,4421.89990234375,397
2026-08-19 10:35:00+00:00,4421.7001953125,4422.39990234375,4421.2001953125,4421.7001953125,168
2026-08-19 10:40:00+00:00,4421.60009765625,4423.2001953125,4421.0,4422.5,226
2026-08-19 10:45:00+00:00,4422.7998046875,4424.10009765625,4422.0,4423.2998046875,161
2026-08-19 10:50:00+00:00,4423.2998046875,4423.39990234375,4421.7001953125,4422.10009765625,89
2026-08-19 10:55:00+00:00,4422.2001953125,4422.7998046875,4421.0,4422.2001953125,125
2026-08-19 11:00:00+00:00,4422.39990234375,4425.7998046875,4422.2001953125,4425.60009765625,484
2026-08-19 11:05:00+00:00,4425.60009765625,4428.39990234375,4425.39990234375,4426.0,463
2026-08-19 11:10:00+00:00,4425.7998046875,4428.89990234375,4425.60009765625,4428.10009765625,295
2026-08-19 11:15:00+00:00,4428.39990234375,4429.10009765625,4424.39990234375,4425.39990234375,382
2026-08-19 11:20:00+00:00,4425.39990234375,4426.2001953125,4423.60009765625,4425.89990234375,158
2026-08-19 11:25:00+00:00,4425.5,4428.2001953125,4425.2998046875,4425.7998046875,233
2026-08-19 11:30:00+00:00,4425.89990234375,4426.5,4423.2001953125,4424.0,446
2026-08-19 11:35:00+00:00,4424.2001953125,4424.5,4421.60009765625,4422.7001953125,183
2026-08-19 11:40:00+00:00,4422.7998046875,4422.7998046875,4417.7001953125,4418.39990234375,529
2026-08-19 11:45:00+00:00,4418.0,4422.2998046875,4418.0,4422.10009765625,436
2026-08-19 11:50:00+00:00,4421.89990234375,4422.2001953125,4418.2001953125,4420.89990234375,273
2026-08-19 11:55:00+00:00,4420.7001953125,4421.0,4418.7998046875,4419.10009765625,173
2026-08-19 12:00:00+00:00,4419.7001953125,4420.0,4417.0,4418.89990234375,438
2026-08-19 12:05:00+00:00,4418.7001953125,4423.10009765625,4418.2001953125,4422.5,371
2026-08-19 12:10:00+00:00,4422.5,4425.5,4421.5,4423.10009765625,477
2026-08-19 12:15:00+00:00,4423.2001953125,4424.89990234375,4420.7001953125,4422.60009765625,381
2026-08-19 12:20:00+00:00,4422.7998046875,4428.39990234375,4422.2998046875,4425.0,1215
2026-08-19 12:25:00+00:00,4425.0,4426.0,4422.60009765625,4424.10009765625,384
2026-08-19 12:30:00+00:00,4424.2998046875,4440.0,4423.39990234375,4439.2001953125,2518
2026-08-19 12:35:00+00:00,4439.2001953125,4472.39990234375,4437.7998046875,4468.0,8147
2026-08-19 12:40:00+00:00,4468.2001953125,4476.89990234375,4463.5,4474.7998046875,5233
2026-08-19 12:45:00+00:00,4475.10009765625,4479.7998046875,4468.2998046875,4474.39990234375,4750
2026-08-19 12:50:00+00:00,4474.39990234375,4486.39990234375,4468.0,4485.60009765625,5132
2026-08-19 12:55:00+00:00,4486.0,4499.7998046875,4483.5,4496.2998046875,7011
2026-08-19 13:00:00+00:00,4496.2998046875,4499.2001953125,4484.0,4484.2998046875,4390
2026-08-19 13:05:00+00:00,4484.89990234375,4498.7001953125,4480.7998046875,4498.7001953125,2958
2026-08-19 13:10:00+00:00,4498.89990234375,4518.7998046875,4498.2001953125,4513.39990234375,7090
2026-08-19 13:15:00+00:00,4513.60009765625,4521.7998046875,4513.0,4517.5,3214
2026-08-19 13:20:00+00:00,4517.7001953125,4520.2998046875,4512.39990234375,4517.10009765625,3565
2026-08-19 13:25:00+00:00,4517.0,4519.39990234375,4513.2001953125,4516.0,2683
2026-08-19 13:30:00+00:00,4516.2001953125,4524.0,4513.10009765625,4519.39990234375,4271
2026-08-19 13:35:00+00:00,4519.7001953125,4519.7998046875,4500.7998046875,4513.39990234375,4383
2026-08-19 13:40:00+00:00,4513.7998046875,4522.7001953125,4507.89990234375,4519.10009765625,3040
2026-08-19 13:45:00+00:00,4518.7998046875,4520.10009765625,4507.5,4507.89990234375,2157
2026-08-19 13:50:00+00:00,4507.89990234375,4514.39990234375,4502.39990234375,4511.39990234375,2123
2026-08-19 13:55:00+00:00,4511.7998046875,4521.60009765625,4509.60009765625,4517.7998046875,2375
2026-08-19 14:00:00+00:00,4518.0,4520.7998046875,4513.5,4518.7001953125,1601
2026-08-19 14:05:00+00:00,4519.0,4530.60009765625,4518.7001953125,4530.2001953125,3238
2026-08-19 14:10:00+00:00,4530.0,4533.7998046875,4527.39990234375,4532.0,2856
2026-08-19 14:15:00+00:00,4532.2001953125,4536.7001953125,4529.39990234375,4529.7998046875,2868
2026-08-19 14:20:00+00:00,4529.5,4538.7998046875,4528.39990234375,4536.60009765625,3408
2026-08-19 14:25:00+00:00,4536.7998046875,4546.2998046875,4535.7001953125,4544.2998046875,3506
2026-08-19 14:30:00+00:00,4544.39990234375,4550.0,4542.2998046875,4546.10009765625,5035
2026-08-19 14:35:00+00:00,4546.0,4550.7001953125,4545.5,4548.0,3029
2026-08-19 14:40:00+00:00,4548.10009765625,4557.60009765625,4545.89990234375,4548.5,4175
2026-08-19 14:45:00+00:00,4548.60009765625,4548.60009765625,4536.89990234375,4538.10009765625,3184
2026-08-19 14:50:00+00:00,4538.2001953125,4545.60009765625,4537.2001953125,4544.2998046875,1499
2026-08-19 14:55:00+00:00,4544.7001953125,4548.60009765625,4543.89990234375,4546.7998046875,1299
2026-08-19 15:00:00+00:00,4547.0,4547.0,4539.7998046875,4543.39990234375,2046
2026-08-19 15:05:00+00:00,4543.7001953125,4546.0,4540.5,4540.60009765625,883
2026-08-19 15:10:00+00:00,4540.7001953125,4546.7001953125,4538.39990234375,4544.10009765625,2322
2026-08-19 15:15:00+00:00,4544.10009765625,4546.0,4542.2001953125,4544.39990234375,703
2026-08-19 15:20:00+00:00,4544.10009765625,4546.2001953125,4539.2998046875,4539.2998046875,1341
2026-08-19 15:25:00+00:00,4539.2001953125,4543.10009765625,4536.5,4542.0,1503
2026-08-19 15:30:00+00:00,4541.89990234375,4544.7001953125,4538.5,4543.0,873
2026-08-19 15:35:00+00:00,4543.39990234375,4546.89990234375,4543.2001953125,4545.5,579
2026-08-19 15:40:00+00:00,4545.7001953125,4551.5,4543.10009765625,4548.7001953125,1164
2026-08-19 15:45:00+00:00,4548.39990234375,4552.7998046875,4548.10009765625,4548.89990234375,1517
2026-08-19 15:50:00+00:00,4548.89990234375,4551.39990234375,4546.89990234375,4549.5,699
2026-08-19 15:55:00+00:00,4549.60009765625,4552.2001953125,4549.10009765625,4552.2001953125,1266
2026-08-19 16:00:00+00:00,4552.2001953125,4555.89990234375,4551.5,4551.89990234375,1358
2026-08-19 16:05:00+00:00,4551.7001953125,4556.0,4549.5,4555.7001953125,1296
2026-08-19 16:10:00+00:00,4555.39990234375,4557.2001953125,4555.10009765625,4555.89990234375,1095
2026-08-19 16:15:00+00:00,4556.0,4557.5,4552.7998046875,4552.7998046875,1092
2026-08-19 16:20:00+00:00,4553.0,4554.7998046875,4551.2998046875,4552.60009765625,728
2026-08-19 16:25:00+00:00,4552.7998046875,4553.5,4548.5,4548.7001953125,742
2026-08-19 16:30:00+00:00,4549.10009765625,4553.89990234375,4548.39990234375,4553.60009765625,671
2026-08-19 16:35:00+00:00,4553.7001953125,4554.2001953125,4550.10009765625,4553.2998046875,552
2026-08-19 16:40:00+00:00,4553.60009765625,4554.2998046875,4551.7001953125,4553.2998046875,479
2026-08-19 16:45:00+00:00,4552.7001953125,4554.5,4551.10009765625,4552.2998046875,388
2026-08-19 16:50:00+00:00,4552.2001953125,4555.7001953125,4551.89990234375,4552.2998046875,407
2026-08-19 16:55:00+00:00,4552.0,4553.10009765625,4550.89990234375,4551.0,584
2026-08-19 17:00:00+00:00,4551.0,4557.0,4551.0,4554.5,1250
2026-08-19 17:05:00+00:00,4554.60009765625,4555.10009765625,4549.0,4550.7001953125,1221
2026-08-19 17:10:00+00:00,4550.5,4551.2998046875,4546.39990234375,4550.10009765625,1221
2026-08-19 17:15:00+00:00,4550.2998046875,4550.2998046875,4544.2998046875,4546.7998046875,1004
2026-08-19 17:20:00+00:00,4547.2001953125,4548.39990234375,4545.60009765625,4547.2998046875,782
2026-08-19 17:25:00+00:00,4547.10009765625,4547.5,4544.0,4545.7998046875,1805
2026-08-19 17:30:00+00:00,4545.89990234375,4546.7998046875,4541.89990234375,4545.89990234375,687
2026-08-19 17:35:00+00:00,4546.0,4547.60009765625,4544.2998046875,4546.0,292
2026-08-19 17:40:00+00:00,4546.10009765625,4549.2001953125,4544.60009765625,4546.60009765625,382
2026-08-19 17:45:00+00:00,4546.2001953125,4547.39990234375,4545.60009765625,4546.5,278
2026-08-19 17:50:00+00:00,4546.10009765625,4546.89990234375,4543.39990234375,4544.10009765625,326
2026-08-19 17:55:00+00:00,4544.0,4545.0,4542.0,4545.0,451
2026-08-19 18:00:00+00:00,4544.89990234375,4554.10009765625,4543.39990234375,4553.7998046875,1503
2026-08-19 18:05:00+00:00,4553.89990234375,4554.60009765625,4544.2998046875,4547.10009765625,891
2026-08-19 18:10:00+00:00,4547.2998046875,4548.5,4544.10009765625,4546.2998046875,550
2026-08-19 18:15:00+00:00,4546.10009765625,4546.2001953125,4540.39990234375,4543.2001953125,716
2026-08-19 18:20:00+00:00,4543.2998046875,4543.2998046875,4539.2001953125,4539.5,543
2026-08-19 18:25:00+00:00,4539.5,4540.2998046875,4531.10009765625,4533.7998046875,3690
2026-08-19 18:30:00+00:00,4533.89990234375,4539.60009765625,4530.39990234375,4538.60009765625,2888
2026-08-19 18:35:00+00:00,4539.10009765625,4542.7001953125,4536.7998046875,4542.2001953125,800
2026-08-19 18:40:00+00:00,4542.2998046875,4550.0,4541.7998046875,4548.60009765625,3091
2026-08-19 18:45:00+00:00,4548.60009765625,4550.39990234375,4547.5,4549.7001953125,689
2026-08-19 18:50:00+00:00,4549.7998046875,4556.0,4549.2001953125,4552.7001953125,731
2026-08-19 18:55:00+00:00,4552.7998046875,4554.2001953125,4552.39990234375,4553.2998046875,352
2026-08-19 19:00:00+00:00,4553.2998046875,4556.5,4552.2998046875,4555.10009765625,676
2026-08-19 19:05:00+00:00,4554.7001953125,4564.10009765625,4553.5,4563.60009765625,2037
2026-08-19 19:10:00+00:00,4563.60009765625,4563.60009765625,4560.39990234375,4561.60009765625,577
2026-08-19 19:15:00+00:00,4561.5,4564.2001953125,4561.5,4562.60009765625,768
2026-08-19 19:20:00+00:00,4562.5,4563.2998046875,4560.7998046875,4563.2001953125,339
2026-08-19 19:25:00+00:00,4563.2001953125,4566.0,4561.5,4565.10009765625,1051
2026-08-19 19:30:00+00:00,4565.2001953125,4568.89990234375,4564.0,4567.5,624
2026-08-19 19:35:00+00:00,4567.2998046875,4568.10009765625,4561.2001953125,4563.7001953125,1280
2026-08-19 19:40:00+00:00,4563.7001953125,4565.39990234375,4559.10009765625,4564.5,1165
2026-08-19 19:45:00+00:00,4564.5,4568.7998046875,4562.60009765625,4568.2001953125,624
2026-08-19 19:50:00+00:00,4568.2001953125,4569.39990234375,4565.60009765625,4568.60009765625,532
2026-08-19 19:55:00+00:00,4568.60009765625,4569.60009765625,4565.5,4568.0,876
2026-08-19 20:00:00+00:00,4568.39990234375,4568.89990234375,4566.0,4566.7001953125,414
2026-08-19 20:05:00+00:00,4566.5,4567.89990234375,4565.10009765625,4567.89990234375,371
2026-08-19 20:10:00+00:00,4567.89990234375,4569.5,4562.7998046875,4564.5,437
2026-08-19 20:15:00+00:00,4564.7001953125,4569.2001953125,4564.2001953125,4568.2001953125,364
2026-08-19 20:20:00+00:00,4568.39990234375,4578.10009765625,4568.10009765625,4576.39990234375,1321
2026-08-19 20:25:00+00:00,4576.2998046875,4580.2998046875,4575.7998046875,4576.7001953125,1465
2026-08-19 20:30:00+00:00,4576.7001953125,4582.2001953125,4576.2001953125,4579.89990234375,571
2026-08-19 20:35:00+00:00,4579.7998046875,4580.0,4577.10009765625,4578.2998046875,225
2026-08-19 20:40:00+00:00,4578.2001953125,4579.2001953125,4577.2998046875,4577.2998046875,207
2026-08-19 20:45:00+00:00,4578.2998046875,4581.0,4577.89990234375,4579.2998046875,204
2026-08-19 20:50:00+00:00,4579.10009765625,4582.39990234375,4579.10009765625,4582.39990234375,383
2026-08-19 20:55:00+00:00,4582.2001953125,4582.7998046875,4580.60009765625,4580.7001953125,329
2026-08-19 22:00:00+00:00,4580.0,4583.7998046875,4576.60009765625,4578.89990234375,0
2026-08-19 22:05:00+00:00,4579.2001953125,4581.10009765625,4577.89990234375,4578.60009765625,153
2026-08-19 22:10:00+00:00,4578.2998046875,4579.2998046875,4576.39990234375,4577.60009765625,207
2026-08-19 22:15:00+00:00,4577.5,4578.2998046875,4576.39990234375,4577.2998046875,166
2026-08-19 22:20:00+00:00,4577.2998046875,4578.60009765625,4576.2001953125,4578.60009765625,127
2026-08-19 22:25:00+00:00,4578.7001953125,4578.7001953125,4576.7001953125,4578.0,174
2026-08-19 22:30:00+00:00,4577.7001953125,4579.0,4575.2001953125,4576.2001953125,293
2026-08-19 22:35:00+00:00,4576.5,4577.0,4574.7998046875,4575.0,255
2026-08-19 22:40:00+00:00,4575.2001953125,4576.7001953125,4575.0,4575.7001953125,131
2026-08-19 22:45:00+00:00,4575.89990234375,4578.2998046875,4575.0,4576.7998046875,161
2026-08-19 22:50:00+00:00,4577.10009765625,4579.2001953125,4576.2998046875,4576.7001953125,133
2026-08-19 22:55:00+00:00,4576.89990234375,4577.2998046875,4573.5,4575.89990234375,285
2026-08-19 23:00:00+00:00,4576.39990234375,4581.10009765625,4574.7998046875,4578.5,421
2026-08-19 23:05:00+00:00,4578.7998046875,4581.2001953125,4578.5,4579.39990234375,245
2026-08-19 23:10:00+00:00,4579.0,4579.10009765625,4577.0,4577.0,84
2026-08-19 23:15:00+00:00,4576.60009765625,4577.60009765625,4575.39990234375,4577.5,127
2026-08-19 23:20:00+00:00,4577.10009765625,4577.2001953125,4572.2998046875,4576.2998046875,269
2026-08-19 23:25:00+00:00,4576.39990234375,4576.39990234375,4573.10009765625,4574.7998046875,160
2026-08-19 23:30:00+00:00,4575.10009765625,4575.5,4570.7001953125,4571.60009765625,201
2026-08-19 23:35:00+00:00,4571.5,4573.5,4570.89990234375,4571.2001953125,321
2026-08-19 23:40:00+00:00,4571.2001953125,4573.0,4570.89990234375,4571.60009765625,82
2026-08-19 23:45:00+00:00,4571.7001953125,4574.89990234375,4571.39990234375,4571.89990234375,271
2026-08-19 23:50:00+00:00,4572.0,4572.39990234375,4569.2998046875,4570.2998046875,178
2026-08-19 23:55:00+00:00,4570.39990234375,4570.39990234375,4568.39990234375,4569.2001953125,195
2026-08-20 00:00:00+00:00,4568.7001953125,4576.2998046875,4567.7001953125,4572.39990234375,485
2026-08-20 00:05:00+00:00,4571.60009765625,4575.7001953125,4571.5,4572.2001953125,157
2026-08-20 00:10:00+00:00,4572.2001953125,4574.0,4570.0,4573.7998046875,164
2026-08-20 00:15:00+00:00,4574.0,4578.60009765625,4571.89990234375,4575.2001953125,355
2026-08-20 00:20:00+00:00,4575.2001953125,4575.5,4567.5,4569.39990234375,440
2026-08-20 00:25:00+00:00,4569.2001953125,4569.7998046875,4565.7998046875,4567.7998046875,309
2026-08-20 00:30:00+00:00,4566.7998046875,4570.39990234375,4566.60009765625,4568.7001953125,204
2026-08-20 00:35:00+00:00,4568.60009765625,4568.7998046875,4566.2001953125,4566.7998046875,233
2026-08-20 00:40:00+00:00,4566.7998046875,4566.7998046875,4560.2001953125,4563.60009765625,761
2026-08-20 00:45:00+00:00,4563.39990234375,4565.60009765625,4562.10009765625,4564.89990234375,325
2026-08-20 00:50:00+00:00,4565.10009765625,4567.60009765625,4562.2001953125,4563.7998046875,352
2026-08-20 00:55:00+00:00,4563.89990234375,4567.89990234375,4561.39990234375,4562.0,478
2026-08-20 01:00:00+00:00,4562.2998046875,4567.89990234375,4550.5,4551.0,1873
2026-08-20 01:05:00+00:00,4551.2001953125,4557.7001953125,4549.39990234375,4556.2001953125,984
2026-08-20 01:10:00+00:00,4556.10009765625,4556.2998046875,4550.10009765625,4550.7998046875,859
2026-08-20 01:15:00+00:00,4551.2998046875,4557.2001953125,4550.89990234375,4556.5,485
2026-08-20 01:20:00+00:00,4556.60009765625,4561.10009765625,4556.60009765625,4559.39990234375,672
2026-08-20 01:25:00+00:00,4559.2998046875,4560.7001953125,4555.2998046875,4558.2998046875,358
2026-08-20 01:30:00+00:00,4558.0,4559.0,4553.2998046875,4555.7998046875,552
2026-08-20 01:35:00+00:00,4556.0,4557.10009765625,4551.0,4552.5,260
2026-08-20 01:40:00+00:00,4552.5,4556.7001953125,4551.0,4551.2998046875,303
2026-08-20 01:45:00+00:00,4551.5,4553.0,4546.7998046875,4547.5,699
2026-08-20 01:50:00+00:00,4547.7998046875,4548.5,4542.10009765625,4542.7998046875,1211
2026-08-20 01:55:00+00:00,4543.0,4548.7998046875,4542.7001953125,4547.39990234375,482
2026-08-20 02:00:00+00:00,4547.2998046875,4556.60009765625,4546.10009765625,4555.60009765625,848
2026-08-20 02:05:00+00:00,4555.7998046875,4556.60009765625,4551.7001953125,4553.2001953125,479
2026-08-20 02:10:00+00:00,4553.10009765625,4557.60009765625,4552.89990234375,4555.5,462
2026-08-20 02:15:00+00:00,4555.2998046875,4555.60009765625,4547.10009765625,4549.0,375
2026-08-20 02:20:00+00:00,4549.0,4551.89990234375,4547.2998046875,4551.7001953125,378
2026-08-20 02:25:00+00:00,4551.60009765625,4552.5,4548.7998046875,4550.60009765625,222
2026-08-20 02:30:00+00:00,4550.10009765625,4552.10009765625,4548.7001953125,4549.5,418
2026-08-20 02:35:00+00:00,4549.60009765625,4551.2998046875,4548.0,4550.2001953125,172
2026-08-20 02:40:00+00:00,4550.0,4551.7001953125,4547.60009765625,4548.2001953125,246
2026-08-20 02:45:00+00:00,4547.89990234375,4549.2998046875,4546.7001953125,4546.7998046875,257
2026-08-20 02:50:00+00:00,4546.7998046875,4552.0,4546.5,4551.0,282
2026-08-20 02:55:00+00:00,4550.60009765625,4550.60009765625,4548.0,4548.10009765625,256
2026-08-20 03:00:00+00:00,4548.2001953125,4553.89990234375,4548.2001953125,4553.10009765625,213
2026-08-20 03:05:00+00:00,4553.2001953125,4554.5,4548.89990234375,4548.89990234375,201
2026-08-20 03:10:00+00:00,4549.10009765625,4550.2001953125,4545.7001953125,4550.10009765625,385
2026-08-20 03:15:00+00:00,4549.89990234375,4551.10009765625,4547.89990234375,4549.89990234375,229
2026-08-20 03:20:00+00:00,4550.5,4553.5,4548.7001953125,4553.0,394
2026-08-20 03:25:00+00:00,4552.89990234375,4554.2001953125,4550.7001953125,4551.10009765625,165
2026-08-20 03:30:00+00:00,4550.7998046875,4556.0,4550.0,4555.5,364
2026-08-20 03:35:00+00:00,4555.2998046875,4555.7001953125,4552.5,4555.7001953125,288
2026-08-20 03:40:00+00:00,4555.2001953125,4556.7001953125,4553.7998046875,4555.7001953125,179
2026-08-20 03:45:00+00:00,4555.60009765625,4556.2001953125,4555.0,4556.0,152
2026-08-20 03:50:00+00:00,4556.10009765625,4558.5,4554.7998046875,4557.7998046875,188
2026-08-20 03:55:00+00:00,4557.60009765625,4558.7998046875,4555.7001953125,4555.7001953125,274
2026-08-20 04:00:00+00:00,4556.39990234375,4556.60009765625,4552.39990234375,4553.10009765625,595
2026-08-20 04:05:00+00:00,4552.89990234375,4554.89990234375,4552.7998046875,4554.10009765625,242
2026-08-20 04:10:00+00:00,4554.0,4554.89990234375,4553.2998046875,4553.60009765625,129
2026-08-20 04:15:00+00:00,4553.60009765625,4554.2001953125,4552.2998046875,4553.89990234375,129
2026-08-20 04:20:00+00:00,4554.0,4554.2998046875,4551.7001953125,4552.7001953125,234
2026-08-20 04:25:00+00:00,4552.10009765625,4552.39990234375,4547.10009765625,4547.39990234375,339
2026-08-20 04:30:00+00:00,4547.2001953125,4548.2998046875,4544.2001953125,4545.89990234375,432
2026-08-20 04:35:00+00:00,4545.39990234375,4545.89990234375,4543.39990234375,4544.7998046875,192
2026-08-20 04:40:00+00:00,4544.39990234375,4546.2998046875,4544.2001953125,4544.39990234375,184
2026-08-20 04:45:00+00:00,4544.2998046875,4548.0,4544.10009765625,4548.0,210
2026-08-20 04:50:00+00:00,4547.7001953125,4549.10009765625,4546.89990234375,4547.60009765625,171
2026-08-20 04:55:00+00:00,4546.60009765625,4549.10009765625,4545.7998046875,4546.10009765625,98
2026-08-20 05:00:00+00:00,4546.0,4549.10009765625,4545.7998046875,4548.7001953125,89
2026-08-20 05:05:00+00:00,4549.0,4551.39990234375,4548.39990234375,4548.39990234375,207
2026-08-20 05:10:00+00:00,4548.2001953125,4549.0,4541.5,4542.89990234375,463
2026-08-20 05:15:00+00:00,4542.89990234375,4544.5,4541.7001953125,4542.2001953125,291
2026-08-20 05:20:00+00:00,4541.89990234375,4544.39990234375,4541.0,4544.0,345
2026-08-20 05:25:00+00:00,4543.7001953125,4543.7001953125,4540.0,4540.5,323
2026-08-20 05:30:00+00:00,4540.0,4543.10009765625,4536.60009765625,4537.7001953125,621
2026-08-20 05:35:00+00:00,4537.7001953125,4538.89990234375,4535.2001953125,4537.5,431
2026-08-20 05:40:00+00:00,4537.5,4539.39990234375,4536.2998046875,4537.7998046875,237
2026-08-20 05:45:00+00:00,4537.89990234375,4539.0,4536.5,4538.60009765625,183
2026-08-20 05:50:00+00:00,4538.60009765625,4539.0,4535.60009765625,4535.7001953125,266
2026-08-20 05:55:00+00:00,4535.7001953125,4540.5,4534.7998046875,4538.5,350
2026-08-20 06:00:00+00:00,4538.60009765625,4546.2998046875,4537.2001953125,4545.89990234375,943
2026-08-20 06:05:00+00:00,4545.60009765625,4548.89990234375,4545.2998046875,4547.2998046875,544
2026-08-20 06:10:00+00:00,4547.5,4550.7001953125,4547.2001953125,4550.10009765625,494
2026-08-20 06:15:00+00:00,4550.39990234375,4553.5,4549.10009765625,4551.2998046875,1089
2026-08-20 06:20:00+00:00,4550.7998046875,4551.89990234375,4549.60009765625,4550.5,415
2026-08-20 06:25:00+00:00,4550.7998046875,4553.0,4550.5,4551.2998046875,245
2026-08-20 06:30:00+00:00,4551.2998046875,4552.7998046875,4549.60009765625,4552.5,393
2026-08-20 06:35:00+00:00,4552.60009765625,4553.0,4550.7998046875,4551.2001953125,327
2026-08-20 06:40:00+00:00,4551.2001953125,4552.0,4549.5,4550.10009765625,274
2026-08-20 06:45:00+00:00,4550.39990234375,4553.0,4550.10009765625,4550.7998046875,419
2026-08-20 06:50:00+00:00,4550.7001953125,4550.7998046875,4548.60009765625,4549.39990234375,449
2026-08-20 06:55:00+00:00,4549.2001953125,4551.5,4548.5,4550.7998046875,432
2026-08-20 07:00:00+00:00,4550.60009765625,4551.0,4544.5,4545.7998046875,638
2026-08-20 07:05:00+00:00,4545.5,4547.5,4544.60009765625,4546.0,355
2026-08-20 07:10:00+00:00,4545.7998046875,4547.10009765625,4543.89990234375,4544.5,265
2026-08-20 07:15:00+00:00,4544.39990234375,4547.10009765625,4543.39990234375,4543.7998046875,352
2026-08-20 07:20:00+00:00,4543.89990234375,4544.7998046875,4542.2998046875,4542.2998046875,296
2026-08-20 07:25:00+00:00,4542.2001953125,4542.7998046875,4540.10009765625,4540.5,430
2026-08-20 07:30:00+00:00,4540.7998046875,4546.5,4540.10009765625,4546.5,531
2026-08-20 07:35:00+00:00,4546.2998046875,4547.89990234375,4545.5,4546.2001953125,463
2026-08-20 07:40:00+00:00,4546.5,4550.2001953125,4545.89990234375,4547.89990234375,526
2026-08-20 07:45:00+00:00,4547.5,4552.7001953125,4546.2001953125,4546.2001953125,594
2026-08-20 07:50:00+00:00,4546.2001953125,4547.89990234375,4545.2998046875,4547.7998046875,212
2026-08-20 07:55:00+00:00,4548.0,4549.2998046875,4545.89990234375,4547.60009765625,211
2026-08-20 08:00:00+00:00,4547.89990234375,4552.2001953125,4547.60009765625,4549.39990234375,569
2026-08-20 08:05:00+00:00,4549.2998046875,4551.39990234375,4548.10009765625,4551.2001953125,277
2026-08-20 08:10:00+00:00,4550.89990234375,4552.2998046875,4548.5,4551.39990234375,605
2026-08-20 08:15:00+00:00,4551.10009765625,4555.89990234375,4550.7998046875,4553.60009765625,874
2026-08-20 08:20:00+00:00,4553.5,4555.2001953125,4552.0,4552.7001953125,424
2026-08-20 08:25:00+00:00,4552.60009765625,4553.2001953125,4547.0,4548.60009765625,484
2026-08-20 08:30:00+00:00,4548.10009765625,4550.0,4543.89990234375,4550.0,1061
2026-08-20 08:35:00+00:00,4549.7998046875,4552.39990234375,4547.2001953125,4548.7001953125,392
2026-08-20 08:40:00+00:00,4548.7001953125,4549.7998046875,4547.2001953125,4547.39990234375,202
2026-08-20 08:45:00+00:00,4547.2998046875,4548.39990234375,4544.60009765625,4544.89990234375,267
2026-08-20 08:50:00+00:00,4544.7998046875,4548.60009765625,4544.7001953125,4548.39990234375,180
2026-08-20 08:55:00+00:00,4548.60009765625,4549.0,4544.39990234375,4546.10009765625,195
2026-08-20 09:00:00+00:00,4546.2001953125,4547.89990234375,4545.2001953125,4547.5,351
2026-08-20 09:05:00+00:00,4547.7001953125,4550.0,4545.39990234375,4548.2998046875,259
2026-08-20 09:10:00+00:00,4548.7001953125,4551.0,4548.10009765625,4549.10009765625,247
2026-08-20 09:15:00+00:00,4549.0,4550.5,4545.7998046875,4545.89990234375,312
2026-08-20 09:20:00+00:00,4546.0,4549.5,4544.7001953125,4546.39990234375,357
2026-08-20 09:25:00+00:00,4546.7001953125,4547.5,4544.7998046875,4546.7998046875,290
2026-08-20 09:30:00+00:00,4546.60009765625,4547.2001953125,4543.7998046875,4544.60009765625,672
2026-08-20 09:35:00+00:00,4544.39990234375,4545.0,4541.0,4542.7998046875,417
2026-08-20 09:40:00+00:00,4542.7998046875,4547.0,4542.2998046875,4545.7001953125,428
2026-08-20 09:45:00+00:00,4545.60009765625,4545.60009765625,4541.89990234375,4542.10009765625,250
2026-08-20 09:50:00+00:00,4542.2001953125,4542.89990234375,4538.2001953125,4540.5,579
2026-08-20 09:55:00+00:00,4540.5,4541.10009765625,4538.39990234375,4538.89990234375,398
2026-08-20 10:00:00+00:00,4539.10009765625,4542.7001953125,4537.0,4542.10009765625,366
2026-08-20 10:05:00+00:00,4541.89990234375,4546.60009765625,4541.89990234375,4546.10009765625,544
2026-08-20 10:10:00+00:00,4546.10009765625,4547.7998046875,4544.7998046875,4547.10009765625,396
2026-08-20 10:15:00+00:00,4547.39990234375,4548.2001953125,4546.39990234375,4547.2998046875,543
2026-08-20 10:20:00+00:00,4547.10009765625,4547.2001953125,4542.60009765625,4545.2998046875,309
2026-08-20 10:25:00+00:00,4545.2001953125,4550.5,4544.60009765625,4550.2001953125,471
2026-08-20 10:30:00+00:00,4550.2998046875,4552.5,4549.0,4549.7001953125,467
2026-08-20 10:35:00+00:00,4549.39990234375,4551.2998046875,4546.7001953125,4546.89990234375,466
2026-08-20 10:40:00+00:00,4546.7001953125,4547.60009765625,4546.5,4547.5,128
2026-08-20 10:45:00+00:00,4547.7001953125,4547.7001953125,4545.0,4546.7001953125,168
2026-08-20 10:50:00+00:00,4546.7998046875,4547.2998046875,4543.7998046875,4544.2998046875,152
2026-08-20 10:55:00+00:00,4543.89990234375,4547.10009765625,4543.89990234375,4546.39990234375,161
2026-08-20 11:00:00+00:00,4546.7001953125,4547.89990234375,4544.2001953125,4545.0,730
2026-08-20 11:05:00+00:00,4544.89990234375,4544.89990234375,4542.10009765625,4543.7998046875,1005
2026-08-20 11:10:00+00:00,4543.89990234375,4544.0,4539.39990234375,4541.7998046875,701
2026-08-20 11:15:00+00:00,4541.7001953125,4542.39990234375,4537.60009765625,4538.89990234375,386
2026-08-20 11:20:00+00:00,4538.60009765625,4544.0,4537.89990234375,4544.0,517
2026-08-20 11:25:00+00:00,4543.7998046875,4546.2998046875,4540.7001953125,4540.7998046875,282
2026-08-20 11:30:00+00:00,4541.10009765625,4542.5,4539.2001953125,4541.2001953125,358
2026-08-20 11:35:00+00:00,4541.2001953125,4543.2001953125,4536.2998046875,4537.89990234375,1218
2026-08-20 11:40:00+00:00,4537.7998046875,4539.0,4530.10009765625,4530.89990234375,1207
2026-08-20 11:45:00+00:00,4530.7998046875,4531.89990234375,4522.0,4527.39990234375,2288
2026-08-20 11:50:00+00:00,4527.60009765625,4529.10009765625,4522.2001953125,4524.0,1144
2026-08-20 11:55:00+00:00,4523.2998046875,4527.39990234375,4521.2001953125,4523.10009765625,833
2026-08-20 12:00:00+00:00,4523.2998046875,4523.39990234375,4512.5,4513.60009765625,2063
2026-08-20 12:05:00+00:00,4513.39990234375,4514.5,4506.2001953125,4512.39990234375,3045
2026-08-20 12:10:00+00:00,4512.7001953125,4521.7998046875,4512.10009765625,4518.0,1622
2026-08-20 12:15:00+00:00,4517.7998046875,4522.89990234375,4517.60009765625,4522.5,1130
2026-08-20 12:20:00+00:00,4522.2001953125,4523.39990234375,4517.2001953125,4519.2001953125,1099
2026-08-20 12:25:00+00:00,4519.2001953125,4519.2001953125,4512.2001953125,4514.2998046875,1183
2026-08-20 12:30:00+00:00,4514.89990234375,4516.60009765625,4506.0,4508.60009765625,1497
2026-08-20 12:35:00+00:00,4508.39990234375,4518.2001953125,4506.89990234375,4518.2001953125,1444
2026-08-20 12:40:00+00:00,4517.89990234375,4522.2998046875,4515.0,4522.0,1212
2026-08-20 12:45:00+00:00,4521.60009765625,4526.5,4519.0,4526.2998046875,1251
2026-08-20 12:50:00+00:00,4526.2998046875,4530.39990234375,4524.7998046875,4527.2001953125,1153
2026-08-20 12:55:00+00:00,4527.2001953125,4532.2998046875,4526.7001953125,4529.7001953125,824
2026-08-20 13:00:00+00:00,4529.7998046875,4539.60009765625,4528.7001953125,4533.5,2316
2026-08-20 13:05:00+00:00,4533.7001953125,4535.39990234375,4527.7998046875,4529.0,746
2026-08-20 13:10:00+00:00,4528.39990234375,4530.7998046875,4526.7001953125,4527.89990234375,720
2026-08-20 13:15:00+00:00,4528.2001953125,4531.89990234375,4525.89990234375,4529.5,783
2026-08-20 13:20:00+00:00,4529.7998046875,4531.89990234375,4526.39990234375,4529.60009765625,423
2026-08-20 13:25:00+00:00,4528.60009765625,4529.39990234375,4525.0,4526.7001953125,727
2026-08-20 13:30:00+00:00,4526.7998046875,4532.39990234375,4524.10009765625,4530.60009765625,1681
2026-08-20 13:35:00+00:00,4530.2998046875,4541.10009765625,4529.39990234375,4538.5,3159
2026-08-20 13:40:00+00:00,4538.60009765625,4543.0,4532.60009765625,4541.89990234375,1470
2026-08-20 13:45:00+00:00,4541.7001953125,4544.39990234375,4534.89990234375,4537.0,1653
2026-08-20 13:50:00+00:00,4537.10009765625,4541.60009765625,4536.10009765625,4540.89990234375,1166
2026-08-20 13:55:00+00:00,4541.0,4541.7998046875,4534.2998046875,4537.0,1107
2026-08-20 14:00:00+00:00,4536.7998046875,4545.89990234375,4536.7001953125,4538.60009765625,2396
2026-08-20 14:05:00+00:00,4538.2998046875,4542.0,4535.7998046875,4540.5,1283
2026-08-20 14:10:00+00:00,4540.60009765625,4544.7998046875,4538.5,4541.0,1396
2026-08-20 14:15:00+00:00,4541.0,4545.39990234375,4537.39990234375,4537.7001953125,1562
2026-08-20 14:20:00+00:00,4538.0,4549.89990234375,4537.39990234375,4546.7001953125,1379
2026-08-20 14:25:00+00:00,4546.60009765625,4549.0,4542.60009765625,4547.39990234375,1301
2026-08-20 14:30:00+00:00,4547.60009765625,4553.5,4547.5,4550.10009765625,1694
2026-08-20 14:35:00+00:00,4550.2001953125,4556.60009765625,4548.60009765625,4551.60009765625,1385
2026-08-20 14:40:00+00:00,4551.7998046875,4556.89990234375,4549.2001953125,4555.10009765625,789
2026-08-20 14:45:00+00:00,4555.0,4564.2998046875,4554.5,4563.39990234375,2148
2026-08-20 14:50:00+00:00,4563.7998046875,4566.0,4560.2001953125,4565.5,1667
2026-08-20 14:55:00+00:00,4565.60009765625,4572.0,4565.0,4571.7001953125,1959
2026-08-20 15:00:00+00:00,4571.7998046875,4592.60009765625,4570.7001953125,4591.60009765625,8717
2026-08-20 15:05:00+00:00,4591.5,4592.7001953125,4578.60009765625,4581.2001953125,4084
2026-08-20 15:10:00+00:00,4581.2001953125,4593.7001953125,4577.7998046875,4591.5,2953
2026-08-20 15:15:00+00:00,4591.2001953125,4597.0,4586.39990234375,4595.89990234375,2479
2026-08-20 15:20:00+00:00,4595.89990234375,4597.10009765625,4579.2001953125,4583.2998046875,3176
2026-08-20 15:25:00+00:00,4583.0,4590.39990234375,4581.7001953125,4588.60009765625,1987
2026-08-20 15:30:00+00:00,4588.39990234375,4590.0,4578.39990234375,4580.0,1871
2026-08-20 15:35:00+00:00,4580.2001953125,4582.89990234375,4573.2001953125,4574.60009765625,2147
2026-08-20 15:40:00+00:00,4574.60009765625,4576.10009765625,4563.5,4567.60009765625,2343
2026-08-20 15:45:00+00:00,4567.5,4577.2001953125,4566.7998046875,4576.10009765625,1375
2026-08-20 15:50:00+00:00,4575.7001953125,4577.39990234375,4571.39990234375,4574.7998046875,742
2026-08-20 15:55:00+00:00,4574.89990234375,4579.7998046875,4573.2998046875,4577.2998046875,928
2026-08-20 16:00:00+00:00,4577.5,4580.7001953125,4575.10009765625,4575.5,782
2026-08-20 16:05:00+00:00,4575.5,4578.0,4574.89990234375,4575.60009765625,356
2026-08-20 16:10:00+00:00,4576.2001953125,4576.2001953125,4566.2001953125,4567.10009765625,1149
2026-08-20 16:15:00+00:00,4566.89990234375,4569.2001953125,4564.5,4568.2001953125,859
2026-08-20 16:20:00+00:00,4568.10009765625,4569.10009765625,4565.5,4567.89990234375,459
2026-08-20 16:25:00+00:00,4567.89990234375,4567.89990234375,4561.39990234375,4565.60009765625,589
2026-08-20 16:30:00+00:00,4565.89990234375,4566.60009765625,4559.2001953125,4565.5,1206
2026-08-20 16:35:00+00:00,4565.89990234375,4569.2998046875,4563.60009765625,4563.7998046875,673
2026-08-20 16:40:00+00:00,4563.7998046875,4566.7998046875,4563.7998046875,4565.7001953125,336
2026-08-20 16:45:00+00:00,4565.60009765625,4569.10009765625,4563.89990234375,4568.60009765625,823
2026-08-20 16:50:00+00:00,4568.5,4570.60009765625,4565.39990234375,4566.0,608
2026-08-20 16:55:00+00:00,4566.0,4567.7998046875,4564.2001953125,4566.7001953125,634
2026-08-20 17:00:00+00:00,4566.7001953125,4570.89990234375,4566.5,4567.89990234375,872
2026-08-20 17:05:00+00:00,4568.2001953125,4568.2998046875,4564.2001953125,4566.39990234375,377
2026-08-20 17:10:00+00:00,4566.2998046875,4567.2001953125,4564.10009765625,4565.7998046875,373
2026-08-20 17:15:00+00:00,4565.60009765625,4567.7998046875,4564.2998046875,4565.2998046875,457
2026-08-20 17:20:00+00:00,4565.5,4570.7001953125,4564.89990234375,4567.89990234375,1030
2026-08-20 17:25:00+00:00,4567.7998046875,4573.39990234375,4566.0,4569.60009765625,1569
2026-08-20 17:30:00+00:00,4569.60009765625,4575.10009765625,4567.2998046875,4575.0,902
2026-08-20 17:35:00+00:00,4574.7001953125,4575.2001953125,4572.7001953125,4573.60009765625,183
2026-08-20 17:40:00+00:00,4573.39990234375,4574.89990234375,4572.89990234375,4574.89990234375,228
2026-08-20 17:45:00+00:00,4574.7001953125,4576.89990234375,4574.0,4575.60009765625,258
2026-08-20 17:50:00+00:00,4575.89990234375,4576.60009765625,4573.60009765625,4575.0,265
2026-08-20 17:55:00+00:00,4575.2998046875,4576.89990234375,4574.2998046875,4576.0,182
2026-08-20 18:00:00+00:00,4576.0,4578.7001953125,4574.89990234375,4578.10009765625,401
2026-08-20 18:05:00+00:00,4577.89990234375,4578.7998046875,4571.2998046875,4572.89990234375,596
2026-08-20 18:10:00+00:00,4573.0,4573.0,4565.2998046875,4567.2998046875,1057
2026-08-20 18:15:00+00:00,4567.39990234375,4572.39990234375,4564.7001953125,4572.2998046875,608
2026-08-20 18:20:00+00:00,4572.2998046875,4574.5,4571.5,4572.39990234375,248
2026-08-20 18:25:00+00:00,4572.7998046875,4576.60009765625,4572.7998046875,4575.89990234375,364
2026-08-20 18:30:00+00:00,4575.2998046875,4577.7998046875,4575.0,4575.7998046875,242
2026-08-20 18:35:00+00:00,4575.5,4579.7001953125,4575.2001953125,4577.60009765625,368
2026-08-20 18:40:00+00:00,4577.0,4578.0,4576.10009765625,4576.5,151
2026-08-20 18:45:00+00:00,4576.60009765625,4577.60009765625,4574.10009765625,4577.5,226
2026-08-20 18:50:00+00:00,4577.5,4581.7001953125,4577.5,4580.89990234375,1000
2026-08-20 18:55:00+00:00,4581.10009765625,4581.2998046875,4577.5,4578.5,279
2026-08-20 19:00:00+00:00,4578.2998046875,4578.89990234375,4574.7001953125,4578.2001953125,277
2026-08-20 19:05:00+00:00,4578.2998046875,4582.89990234375,4577.7998046875,4582.89990234375,285
2026-08-20 19:10:00+00:00,4582.89990234375,4584.60009765625,4580.7998046875,4584.2001953125,276
2026-08-20 19:15:00+00:00,4584.2001953125,4585.89990234375,4582.10009765625,4582.2001953125,294
2026-08-20 19:20:00+00:00,4582.60009765625,4584.5,4580.2001953125,4583.5,446
2026-08-20 19:25:00+00:00,4583.39990234375,4584.10009765625,4579.10009765625,4579.2001953125,255
2026-08-20 19:30:00+00:00,4579.0,4580.89990234375,4578.2001953125,4580.10009765625,253
2026-08-20 19:35:00+00:00,4579.7001953125,4585.7001953125,4579.2001953125,4584.7001953125,277
2026-08-20 19:40:00+00:00,4584.7998046875,4584.89990234375,4582.2001953125,4582.2001953125,309
2026-08-20 19:45:00+00:00,4582.39990234375,4586.0,4581.0,4584.7998046875,445
2026-08-20 19:50:00+00:00,4584.60009765625,4588.0,4584.10009765625,4587.10009765625,472
2026-08-20 19:55:00+00:00,4586.7998046875,4587.5,4582.60009765625,4584.89990234375,602
2026-08-20 20:00:00+00:00,4584.5,4585.2001953125,4582.0,4583.2998046875,243
2026-08-20 20:05:00+00:00,4583.10009765625,4584.10009765625,4578.89990234375,4579.5,258
2026-08-20 20:10:00+00:00,4579.2001953125,4581.10009765625,4578.7998046875,4578.89990234375,171
2026-08-20 20:15:00+00:00,4578.7001953125,4579.0,4576.7001953125,4578.2998046875,117
2026-08-20 20:20:00+00:00,4578.2998046875,4578.5,4576.89990234375,4577.7998046875,130
2026-08-20 20:25:00+00:00,4577.7998046875,4578.2001953125,4576.7001953125,4577.10009765625,168
2026-08-20 20:30:00+00:00,4577.10009765625,4577.2001953125,4573.0,4574.2001953125,242
2026-08-20 20:35:00+00:00,4574.2001953125,4574.7998046875,4573.5,4573.60009765625,120
2026-08-20 20:40:00+00:00,4574.0,4574.89990234375,4573.89990234375,4574.39990234375,72
2026-08-20 20:45:00+00:00,4574.60009765625,4575.2001953125,4574.10009765625,4574.60009765625,87
2026-08-20 20:50:00+00:00,4574.39990234375,4577.2998046875,4574.0,4575.7001953125,299
2026-08-20 20:55:00+00:00,4576.10009765625,4576.39990234375,4574.89990234375,4575.10009765625,119
2026-08-20 22:00:00+00:00,4577.0,4577.7001953125,4571.0,4575.7001953125,0
2026-08-20 22:05:00+00:00,4576.39990234375,4577.2998046875,4574.2998046875,4574.2998046875,95
2026-08-20 22:10:00+00:00,4574.2998046875,4575.7001953125,4572.89990234375,4574.60009765625,121
2026-08-20 22:15:00+00:00,4574.60009765625,4576.2001953125,4574.60009765625,4575.89990234375,73
2026-08-20 22:20:00+00:00,4575.5,4576.10009765625,4574.0,4574.2998046875,87
2026-08-20 22:25:00+00:00,4574.60009765625,4576.7998046875,4574.39990234375,4575.39990234375,230
2026-08-20 22:30:00+00:00,4575.60009765625,4576.2998046875,4574.39990234375,4576.0,212
2026-08-20 22:35:00+00:00,4576.0,4578.60009765625,4575.7001953125,4577.5,134
2026-08-20 22:40:00+00:00,4577.39990234375,4579.7998046875,4577.2998046875,4578.7001953125,264
2026-08-20 22:45:00+00:00,4578.89990234375,4579.7001953125,4575.5,4578.0,458
2026-08-20 22:50:00+00:00,4578.10009765625,4580.2001953125,4577.60009765625,4579.7001953125,122
2026-08-20 22:55:00+00:00,4579.5,4580.2001953125,4579.2998046875,4580.2001953125,106
2026-08-20 23:00:00+00:00,4579.89990234375,4585.7998046875,4579.39990234375,4585.10009765625,461
2026-08-20 23:05:00+00:00,4585.10009765625,4586.2001953125,4580.89990234375,4582.7001953125,538
2026-08-20 23:10:00+00:00,4583.2001953125,4589.0,4583.2001953125,4587.60009765625,364
2026-08-20 23:15:00+00:00,4587.5,4588.39990234375,4585.2998046875,4587.5,164
2026-08-20 23:20:00+00:00,4587.60009765625,4587.60009765625,4584.10009765625,4584.7998046875,152
2026-08-20 23:25:00+00:00,4584.89990234375,4586.39990234375,4578.5,4583.2001953125,666
2026-08-20 23:30:00+00:00,4582.89990234375,4584.5,4578.2998046875,4579.39990234375,477
2026-08-20 23:35:00+00:00,4579.39990234375,4580.5,4577.10009765625,4579.7001953125,248
2026-08-20 23:40:00+00:00,4580.60009765625,4581.39990234375,4579.89990234375,4580.7998046875,52
2026-08-20 23:45:00+00:00,4581.0,4583.7998046875,4579.2001953125,4583.5,118
2026-08-20 23:50:00+00:00,4583.2001953125,4584.2998046875,4582.10009765625,4584.2001953125,61
2026-08-20 23:55:00+00:00,4583.5,4584.10009765625,4581.89990234375,4582.2001953125,139
2026-08-21 00:00:00+00:00,4582.2998046875,4583.7001953125,4578.5,4578.7998046875,184
2026-08-21 00:05:00+00:00,4579.10009765625,4579.39990234375,4576.0,4576.39990234375,168
2026-08-21 00:10:00+00:00,4576.5,4579.5,4573.7998046875,4575.10009765625,449
2026-08-21 00:15:00+00:00,4574.89990234375,4576.39990234375,4571.0,4574.39990234375,401
2026-08-21 00:20:00+00:00,4574.2001953125,4575.7001953125,4573.0,4574.2998046875,159
2026-08-21 00:25:00+00:00,4575.0,4577.39990234375,4570.39990234375,4571.39990234375,299
2026-08-21 00:30:00+00:00,4571.89990234375,4573.89990234375,4569.7998046875,4571.2001953125,277
2026-08-21 00:35:00+00:00,4571.10009765625,4572.5,4568.39990234375,4569.39990234375,369
2026-08-21 00:40:00+00:00,4569.7001953125,4571.39990234375,4567.39990234375,4570.39990234375,280
2026-08-21 00:45:00+00:00,4570.7001953125,4570.89990234375,4566.7998046875,4568.60009765625,251
2026-08-21 00:50:00+00:00,4568.39990234375,4569.39990234375,4567.0,4568.10009765625,135
2026-08-21 00:55:00+00:00,4567.7998046875,4568.39990234375,4566.2998046875,4567.2001953125,154
2026-08-21 01:00:00+00:00,4567.2001953125,4574.10009765625,4565.5,4569.60009765625,831
2026-08-21 01:05:00+00:00,4570.0,4573.0,4568.89990234375,4570.39990234375,369
2026-08-21 01:10:00+00:00,4570.0,4577.7001953125,4568.7998046875,4577.39990234375,469
2026-08-21 01:15:00+00:00,4577.5,4583.5,4577.0,4580.89990234375,480
2026-08-21 01:20:00+00:00,4581.10009765625,4586.5,4578.60009765625,4583.10009765625,503
2026-08-21 01:25:00+00:00,4583.2998046875,4587.2998046875,4581.7998046875,4586.39990234375,354
2026-08-21 01:30:00+00:00,4585.89990234375,4596.7001953125,4585.10009765625,4594.0,1290
2026-08-21 01:35:00+00:00,4594.10009765625,4600.2998046875,4583.0,4584.7001953125,1482
2026-08-21 01:40:00+00:00,4585.2998046875,4585.39990234375,4579.7998046875,4582.39990234375,433
2026-08-21 01:45:00+00:00,4582.60009765625,4589.60009765625,4582.2001953125,4587.7001953125,442
2026-08-21 01:50:00+00:00,4587.7998046875,4588.7001953125,4581.7998046875,4582.39990234375,310
2026-08-21 01:55:00+00:00,4582.39990234375,4587.10009765625,4582.2998046875,4587.0,178
2026-08-21 02:00:00+00:00,4586.7998046875,4587.5,4577.60009765625,4578.39990234375,959
2026-08-21 02:05:00+00:00,4578.7998046875,4581.2998046875,4576.7998046875,4579.0,668
2026-08-21 02:10:00+00:00,4578.7998046875,4579.5,4574.0,4576.2998046875,669
2026-08-21 02:15:00+00:00,4577.2001953125,4578.2998046875,4576.10009765625,4578.2001953125,243
2026-08-21 02:20:00+00:00,4578.5,4583.2998046875,4578.0,4583.2001953125,223
2026-08-21 02:25:00+00:00,4583.2001953125,4585.2998046875,4582.0,4583.2998046875,238
2026-08-21 02:30:00+00:00,4583.89990234375,4586.7001953125,4581.2998046875,4582.2998046875,534
2026-08-21 02:35:00+00:00,4582.5,4588.0,4582.5,4587.39990234375,216
2026-08-21 02:40:00+00:00,4587.5,4594.0,4587.0,4593.7001953125,378
2026-08-21 02:45:00+00:00,4594.10009765625,4595.7001953125,4591.0,4595.2001953125,469
2026-08-21 02:50:00+00:00,4595.10009765625,4599.2001953125,4590.7001953125,4597.10009765625,582
2026-08-21 02:55:00+00:00,4597.2001953125,4597.5,4588.7001953125,4590.0,381
2026-08-21 03:00:00+00:00,4590.0,4594.7001953125,4589.2998046875,4589.5,336
2026-08-21 03:05:00+00:00,4590.0,4592.0,4588.2001953125,4590.89990234375,139
2026-08-21 03:10:00+00:00,4590.7001953125,4593.0,4588.60009765625,4588.89990234375,149
2026-08-21 03:15:00+00:00,4588.89990234375,4591.10009765625,4588.2001953125,4589.2001953125,204
2026-08-21 03:20:00+00:00,4589.10009765625,4591.2001953125,4589.10009765625,4590.0,146
2026-08-21 03:25:00+00:00,4590.0,4590.7998046875,4585.7001953125,4585.89990234375,234
2026-08-21 03:30:00+00:00,4585.89990234375,4591.7998046875,4585.39990234375,4591.60009765625,312
2026-08-21 03:35:00+00:00,4591.5,4591.5,4585.10009765625,4585.2998046875,201
2026-08-21 03:40:00+00:00,4585.0,4585.39990234375,4582.60009765625,4585.0,257
2026-08-21 03:45:00+00:00,4585.2001953125,4589.7998046875,4584.2001953125,4587.39990234375,341
2026-08-21 03:50:00+00:00,4587.7001953125,4589.2998046875,4586.89990234375,4589.2998046875,78
2026-08-21 03:55:00+00:00,4589.0,4590.89990234375,4588.2998046875,4590.89990234375,68
2026-08-21 04:00:00+00:00,4591.5,4595.5,4591.2001953125,4594.7001953125,257
2026-08-21 04:05:00+00:00,4594.5,4595.5,4592.10009765625,4594.2001953125,232
2026-08-21 04:10:00+00:00,4594.5,4598.5,4593.39990234375,4596.60009765625,375
2026-08-21 04:15:00+00:00,4596.39990234375,4597.2998046875,4594.0,4597.2998046875,230
2026-08-21 04:20:00+00:00,4597.2998046875,4602.39990234375,4597.2998046875,4599.60009765625,820
2026-08-21 04:25:00+00:00,4599.5,4603.89990234375,4598.89990234375,4603.2001953125,634
2026-08-21 04:30:00+00:00,4603.39990234375,4604.39990234375,4599.7001953125,4600.39990234375,734
2026-08-21 04:35:00+00:00,4601.0,4601.2001953125,4597.10009765625,4598.2001953125,228
2026-08-21 04:40:00+00:00,4598.10009765625,4599.60009765625,4597.0,4598.10009765625,159
2026-08-21 04:45:00+00:00,4598.0,4598.5,4596.60009765625,4597.2998046875,82
2026-08-21 04:50:00+00:00,4597.60009765625,4598.7001953125,4597.2001953125,4597.60009765625,68
2026-08-21 04:55:00+00:00,4597.5,4598.5,4596.2998046875,4596.7998046875,95
2026-08-21 05:00:00+00:00,4596.39990234375,4596.89990234375,4593.0,4594.10009765625,262
2026-08-21 05:05:00+00:00,4594.2001953125,4596.10009765625,4591.2001953125,4592.7998046875,412
2026-08-21 05:10:00+00:00,4593.2998046875,4594.0,4590.89990234375,4593.60009765625,394
2026-08-21 05:15:00+00:00,4593.7001953125,4595.0,4587.0,4590.0,749
2026-08-21 05:20:00+00:00,4590.2998046875,4591.0,4589.0,4590.10009765625,137
2026-08-21 05:25:00+00:00,4590.2998046875,4590.5,4586.7001953125,4586.7001953125,204
2026-08-21 05:30:00+00:00,4586.5,4594.5,4585.39990234375,4594.39990234375,460
2026-08-21 05:35:00+00:00,4594.5,4597.0,4591.7998046875,4592.39990234375,326
2026-08-21 05:40:00+00:00,4592.39990234375,4599.7001953125,4592.2001953125,4599.5,384
2026-08-21 05:45:00+00:00,4599.5,4602.7998046875,4597.7998046875,4602.39990234375,872
2026-08-21 05:50:00+00:00,4602.2998046875,4605.39990234375,4599.2001953125,4604.0,637
2026-08-21 05:55:00+00:00,4604.2998046875,4612.39990234375,4604.0,4610.10009765625,1071
2026-08-21 06:00:00+00:00,4609.89990234375,4611.5,4603.89990234375,4605.7998046875,765
2026-08-21 06:05:00+00:00,4605.60009765625,4608.0,4603.2001953125,4604.60009765625,312
2026-08-21 06:10:00+00:00,4604.60009765625,4606.39990234375,4601.7998046875,4605.2001953125,341
2026-08-21 06:15:00+00:00,4605.39990234375,4613.10009765625,4605.39990234375,4612.0,743
2026-08-21 06:20:00+00:00,4612.10009765625,4613.0,4606.39990234375,4606.89990234375,501
2026-08-21 06:25:00+00:00,4607.0,4615.10009765625,4606.39990234375,4612.2001953125,1452
2026-08-21 06:30:00+00:00,4612.0,4620.39990234375,4611.2998046875,4618.2001953125,1182
2026-08-21 06:35:00+00:00,4618.2001953125,4622.7998046875,4618.2001953125,4621.7998046875,979
2026-08-21 06:40:00+00:00,4621.60009765625,4621.89990234375,4617.39990234375,4619.5,1006
2026-08-21 06:45:00+00:00,4619.7001953125,4624.7001953125,4619.7001953125,4624.5,806
2026-08-21 06:50:00+00:00,4624.2998046875,4624.5,4621.2998046875,4621.5,500
2026-08-21 06:55:00+00:00,4621.5,4624.7001953125,4617.7998046875,4617.89990234375,545
2026-08-21 07:00:00+00:00,4617.7998046875,4623.0,4616.39990234375,4623.0,670
2026-08-21 07:05:00+00:00,4622.7998046875,4622.7998046875,4615.7998046875,4615.7998046875,819
2026-08-21 07:10:00+00:00,4615.7001953125,4618.7001953125,4615.39990234375,4618.39990234375,530
2026-08-21 07:15:00+00:00,4618.60009765625,4623.7998046875,4616.7001953125,4623.2001953125,596
2026-08-21 07:20:00+00:00,4623.2001953125,4624.7998046875,4619.89990234375,4620.7001953125,447
2026-08-21 07:25:00+00:00,4620.7001953125,4621.5,4617.60009765625,4618.60009765625,461
2026-08-21 07:30:00+00:00,4618.5,4621.7998046875,4617.2998046875,4619.2998046875,538
2026-08-21 07:35:00+00:00,4618.2998046875,4622.0,4617.0,4621.2001953125,373
2026-08-21 07:40:00+00:00,4621.7001953125,4623.5,4619.60009765625,4621.10009765625,273
2026-08-21 07:45:00+00:00,4621.39990234375,4625.0,4619.5,4623.10009765625,535
2026-08-21 07:50:00+00:00,4623.5,4624.0,4617.89990234375,4618.7998046875,258
2026-08-21 07:55:00+00:00,4618.7001953125,4622.2001953125,4618.10009765625,4621.0,390
2026-08-21 08:00:00+00:00,4621.39990234375,4623.5,4618.0,4618.2001953125,779
2026-08-21 08:05:00+00:00,4618.0,4619.39990234375,4615.7998046875,4618.5,383
2026-08-21 08:10:00+00:00,4618.39990234375,4625.0,4618.2998046875,4622.2998046875,928
2026-08-21 08:15:00+00:00,4622.60009765625,4630.60009765625,4620.7998046875,4629.60009765625,1692
2026-08-21 08:20:00+00:00,4629.60009765625,4636.2998046875,4628.7998046875,4634.5,1445
2026-08-21 08:25:00+00:00,4634.39990234375,4638.89990234375,4634.39990234375,4636.7001953125,1061
2026-08-21 08:30:00+00:00,4636.7001953125,4638.60009765625,4634.7001953125,4637.7998046875,839
2026-08-21 08:35:00+00:00,4638.0,4639.7001953125,4633.5,4636.5,1072
2026-08-21 08:40:00+00:00,4636.5,4641.2001953125,4636.0,4639.7001953125,913
2026-08-21 08:45:00+00:00,4639.60009765625,4640.39990234375,4637.39990234375,4638.0,287
2026-08-21 08:50:00+00:00,4638.0,4640.0,4637.0,4638.5,393
2026-08-21 08:55:00+00:00,4638.2998046875,4642.0,4637.10009765625,4641.0,546
2026-08-21 09:00:00+00:00,4641.10009765625,4642.89990234375,4638.89990234375,4642.89990234375,559
2026-08-21 09:05:00+00:00,4642.89990234375,4653.60009765625,4641.5,4653.39990234375,2810
2026-08-21 09:10:00+00:00,4652.7998046875,4659.0,4652.5,4656.7998046875,2176
2026-08-21 09:15:00+00:00,4656.89990234375,4659.39990234375,4650.39990234375,4650.7001953125,1448
2026-08-21 09:20:00+00:00,4650.2998046875,4650.60009765625,4641.89990234375,4644.2001953125,1564
2026-08-21 09:25:00+00:00,4644.10009765625,4644.89990234375,4638.2998046875,4639.60009765625,1021
2026-08-21 09:30:00+00:00,4639.2998046875,4641.89990234375,4639.10009765625,4640.10009765625,960
2026-08-21 09:35:00+00:00,4640.10009765625,4643.2998046875,4638.10009765625,4642.89990234375,727
2026-08-21 09:40:00+00:00,4643.10009765625,4644.2998046875,4639.0,4640.39990234375,642
2026-08-21 09:45:00+00:00,4640.2998046875,4641.0,4638.2001953125,4638.60009765625,811
2026-08-21 09:50:00+00:00,4638.60009765625,4641.2998046875,4637.60009765625,4641.2998046875,658
2026-08-21 09:55:00+00:00,4641.39990234375,4642.7998046875,4638.10009765625,4639.7001953125,460
2026-08-21 10:00:00+00:00,4639.39990234375,4646.0,4639.0,4642.10009765625,809
2026-08-21 10:05:00+00:00,4642.10009765625,4642.39990234375,4638.39990234375,4640.10009765625,1075
2026-08-21 10:10:00+00:00,4640.39990234375,4641.10009765625,4634.5,4635.7001953125,964
2026-08-21 10:15:00+00:00,4636.0,4644.2998046875,4635.2998046875,4641.2998046875,662
2026-08-21 10:20:00+00:00,4641.39990234375,4643.7998046875,4640.2001953125,4642.89990234375,500
2026-08-21 10:25:00+00:00,4643.10009765625,4646.39990234375,4642.7001953125,4645.60009765625,585
2026-08-21 10:30:00+00:00,4645.7998046875,4648.0,4642.7001953125,4648.0,357
2026-08-21 10:35:00+00:00,4647.60009765625,4650.7998046875,4646.7001953125,4650.7998046875,410
2026-08-21 10:40:00+00:00,4651.0,4651.60009765625,4648.2001953125,4650.39990234375,521
2026-08-21 10:45:00+00:00,4650.39990234375,4650.7001953125,4647.0,4647.7001953125,412
2026-08-21 10:50:00+00:00,4647.7001953125,4650.0,4645.5,4647.2998046875,654
2026-08-21 10:55:00+00:00,4647.39990234375,4648.0,4645.0,4645.7998046875,332
2026-08-21 11:00:00+00:00,4645.5,4652.39990234375,4644.2998046875,4651.2001953125,543
2026-08-21 11:05:00+00:00,4651.10009765625,4652.7998046875,4647.89990234375,4649.60009765625,497
2026-08-21 11:10:00+00:00,4649.60009765625,4650.39990234375,4645.5,4647.5,370
2026-08-21 11:15:00+00:00,4648.2001953125,4655.10009765625,4648.2001953125,4653.2998046875,692
2026-08-21 11:20:00+00:00,4653.7001953125,4659.2998046875,4653.10009765625,4655.39990234375,1267
2026-08-21 11:25:00+00:00,4654.89990234375,4657.10009765625,4652.89990234375,4655.7001953125,510
2026-08-21 11:30:00+00:00,4655.89990234375,4656.10009765625,4650.2998046875,4652.2001953125,570
2026-08-21 11:35:00+00:00,4652.2001953125,4661.7001953125,4652.2001953125,4654.60009765625,1094
2026-08-21 11:40:00+00:00,4654.2001953125,4655.0,4650.60009765625,4654.2998046875,704
2026-08-21 11:45:00+00:00,4654.2998046875,4657.7001953125,4653.7998046875,4657.10009765625,470
2026-08-21 11:50:00+00:00,4656.7998046875,4657.5,4653.0,4654.89990234375,849
2026-08-21 11:55:00+00:00,4655.2001953125,4656.10009765625,4653.5,4654.39990234375,384
2026-08-21 12:00:00+00:00,4654.7001953125,4659.10009765625,4651.0,4652.89990234375,1642
2026-08-21 12:05:00+00:00,4653.2001953125,4657.5,4649.0,4650.7001953125,1052
2026-08-21 12:10:00+00:00,4651.10009765625,4651.2001953125,4646.5,4650.0,1072
2026-08-21 12:15:00+00:00,4650.10009765625,4653.2001953125,4643.2001953125,4645.2001953125,1736
2026-08-21 12:20:00+00:00,4645.2998046875,4646.39990234375,4638.0,4642.7998046875,2179
2026-08-21 12:25:00+00:00,4642.7998046875,4644.0,4640.7998046875,4642.2001953125,399
2026-08-21 12:30:00+00:00,4642.0,4642.0,4633.39990234375,4634.89990234375,2502
2026-08-21 12:35:00+00:00,4635.0,4635.39990234375,4621.2001953125,4621.7998046875,2327
2026-08-21 12:40:00+00:00,4621.7998046875,4632.7998046875,4620.5,4630.5,2033
2026-08-21 12:45:00+00:00,4630.2998046875,4636.60009765625,4630.2001953125,4636.2998046875,1026
2026-08-21 12:50:00+00:00,4636.39990234375,4637.89990234375,4633.7998046875,4636.60009765625,1342
2026-08-21 12:55:00+00:00,4637.0,4637.89990234375,4631.39990234375,4634.7001953125,880
2026-08-21 13:00:00+00:00,4634.60009765625,4641.5,4632.5,4637.60009765625,1385
2026-08-21 13:05:00+00:00,4637.7001953125,4640.7998046875,4636.10009765625,4637.7001953125,654
2026-08-21 13:10:00+00:00,4637.7998046875,4643.89990234375,4637.0,4642.0,1041
2026-08-21 13:15:00+00:00,4642.39990234375,4644.7001953125,4636.5,4637.60009765625,650
2026-08-21 13:20:00+00:00,4637.39990234375,4643.7001953125,4635.89990234375,4640.0,534
2026-08-21 13:25:00+00:00,4639.89990234375,4642.2998046875,4638.39990234375,4641.10009765625,520
2026-08-21 13:30:00+00:00,4640.89990234375,4643.7998046875,4630.60009765625,4631.0,1546
2026-08-21 13:35:00+00:00,4630.7998046875,4647.89990234375,4630.0,4644.60009765625,2323
2026-08-21 13:40:00+00:00,4644.0,4647.7001953125,4641.10009765625,4645.0,1217
2026-08-21 13:45:00+00:00,4644.60009765625,4650.2001953125,4639.7001953125,4647.10009765625,1867
2026-08-21 13:50:00+00:00,4646.5,4648.0,4633.7998046875,4638.2998046875,1837
2026-08-21 13:55:00+00:00,4638.7001953125,4642.89990234375,4637.2001953125,4638.2998046875,1486
2026-08-21 14:00:00+00:00,4638.10009765625,4646.2001953125,4637.0,4645.60009765625,1878
2026-08-21 14:05:00+00:00,4645.7998046875,4647.7998046875,4640.10009765625,4644.2998046875,1180
2026-08-21 14:10:00+00:00,4644.39990234375,4646.60009765625,4641.60009765625,4646.2998046875,486
2026-08-21 14:15:00+00:00,4646.39990234375,4647.60009765625,4642.89990234375,4646.7001953125,795
2026-08-21 14:20:00+00:00,4646.39990234375,4654.5,4646.2998046875,4653.7998046875,2084
2026-08-21 14:25:00+00:00,4654.0,4659.7998046875,4654.0,4659.5,1651
2026-08-21 14:30:00+00:00,4659.7001953125,4660.2001953125,4646.5,4646.60009765625,1999
2026-08-21 14:35:00+00:00,4646.7001953125,4649.2001953125,4637.39990234375,4638.39990234375,2180
2026-08-21 14:40:00+00:00,4638.2998046875,4646.2001953125,4636.5,4639.0,2215
2026-08-21 14:45:00+00:00,4639.10009765625,4648.2998046875,4637.0,4647.89990234375,1390
2026-08-21 14:50:00+00:00,4648.0,4652.0,4644.89990234375,4646.5,1122
2026-08-21 14:55:00+00:00,4646.10009765625,4649.10009765625,4640.89990234375,4648.10009765625,896
2026-08-21 15:00:00+00:00,4648.5,4651.10009765625,4644.10009765625,4650.2001953125,812
2026-08-21 15:05:00+00:00,4650.2998046875,4655.10009765625,4649.10009765625,4651.0,1457
2026-08-21 15:10:00+00:00,4651.10009765625,4654.7001953125,4650.7998046875,4652.2001953125,699
2026-08-21 15:15:00+00:00,4652.2998046875,4656.2998046875,4652.0,4654.89990234375,793
2026-08-21 15:20:00+00:00,4654.7998046875,4660.10009765625,4652.5,4659.7001953125,1094
2026-08-21 15:25:00+00:00,4659.7998046875,4665.5,4657.39990234375,4660.2998046875,2402
2026-08-21 15:30:00+00:00,4660.2998046875,4663.7998046875,4657.0,4663.60009765625,938
2026-08-21 15:35:00+00:00,4663.60009765625,4666.0,4662.5,4664.2001953125,1119
2026-08-21 15:40:00+00:00,4664.0,4668.2001953125,4663.10009765625,4666.89990234375,1112
2026-08-21 15:45:00+00:00,4667.2001953125,4669.0,4664.2001953125,4665.10009765625,851
2026-08-21 15:50:00+00:00,4665.2001953125,4673.0,4664.7001953125,4671.39990234375,1259
2026-08-21 15:55:00+00:00,4671.5,4672.7998046875,4668.2001953125,4672.0,844
2026-08-21 16:00:00+00:00,4672.10009765625,4675.0,4670.5,4674.2998046875,907
2026-08-21 16:05:00+00:00,4674.2001953125,4674.5,4666.2998046875,4667.60009765625,1189
2026-08-21 16:10:00+00:00,4667.7998046875,4673.39990234375,4667.60009765625,4672.10009765625,580
2026-08-21 16:15:00+00:00,4672.10009765625,4673.5,4671.10009765625,4671.60009765625,468
2026-08-21 16:20:00+00:00,4671.39990234375,4678.39990234375,4668.7001953125,4670.2001953125,1568
2026-08-21 16:25:00+00:00,4670.2998046875,4672.0,4667.7998046875,4671.60009765625,525
2026-08-21 16:30:00+00:00,4671.7001953125,4673.7001953125,4669.7998046875,4673.2001953125,526
2026-08-21 16:35:00+00:00,4672.89990234375,4678.5,4672.0,4676.7001953125,1169
2026-08-21 16:40:00+00:00,4676.7998046875,4679.60009765625,4674.89990234375,4678.89990234375,838
2026-08-21 16:45:00+00:00,4678.89990234375,4682.2998046875,4678.39990234375,4681.10009765625,688
2026-08-21 16:50:00+00:00,4681.2001953125,4685.0,4681.2001953125,4684.89990234375,1049
2026-08-21 16:55:00+00:00,4684.7998046875,4687.2001953125,4683.2998046875,4686.60009765625,1278
2026-08-21 17:00:00+00:00,4686.7001953125,4689.0,4684.60009765625,4685.60009765625,1453
2026-08-21 17:05:00+00:00,4685.7001953125,4690.39990234375,4684.0,4689.0,1304
2026-08-21 17:10:00+00:00,4688.7998046875,4689.7998046875,4679.7001953125,4681.39990234375,2070
2026-08-21 17:15:00+00:00,4681.2998046875,4684.2001953125,4680.10009765625,4681.5,1131
2026-08-21 17:20:00+00:00,4681.2001953125,4682.7001953125,4673.39990234375,4676.39990234375,2103
2026-08-21 17:25:00+00:00,4676.39990234375,4683.0,4673.60009765625,4680.10009765625,2512
2026-08-21 17:30:00+00:00,4680.39990234375,4680.5,4677.60009765625,4678.60009765625,650
2026-08-21 17:35:00+00:00,4678.89990234375,4683.10009765625,4678.7998046875,4680.89990234375,528
2026-08-21 17:40:00+00:00,4680.7998046875,4682.89990234375,4676.89990234375,4677.7001953125,986
2026-08-21 17:45:00+00:00,4678.0,4678.2001953125,4675.10009765625,4676.2001953125,898
2026-08-21 17:50:00+00:00,4677.0,4680.7001953125,4676.2001953125,4677.7998046875,825
2026-08-21 17:55:00+00:00,4677.89990234375,4679.60009765625,4677.5,4678.7001953125,237
2026-08-21 18:00:00+00:00,4679.0,4684.39990234375,4678.60009765625,4684.39990234375,387
2026-08-21 18:05:00+00:00,4684.2998046875,4685.89990234375,4682.39990234375,4684.0,671
2026-08-21 18:10:00+00:00,4684.10009765625,4684.2998046875,4681.39990234375,4682.5,210
2026-08-21 18:15:00+00:00,4682.5,4683.89990234375,4682.5,4683.7001953125,54
